CREATE TABLE utente(
	uid SERIAL PRIMARY KEY,
	email VARCHAR(255) NOT NULL UNIQUE,
	password VARCHAR(255) NOT NULL,
	nome VARCHAR(255) NOT NULL, 
	cognome VARCHAR(255) NOT NULL,
	ruolo VARCHAR(255) NOT NULL CHECK(ruolo IN ('amministratore', 'cliente', 'tecnico'))
);
INSERT INTO utente(uid, email, nome, cognome, password, ruolo) VALUES
(1, 'admin', 'Mario', 'Rossi', md5('admin'), 'amministratore'),
(2, 'cliente', 'Antonio', 'Ferrari', md5('cliente'), 'cliente'),
(3, 'tecnico', 'Anna', 'Bianchi', md5('tecnico'), 'tecnico'),
('4', 'Michael_Melton@protonmail.com', 'Michael', 'Melton', 'c392846c6c41e0993480d1e078e5ac69', 'cliente'),
('5', 'Anna_C@verizon.com', 'Anna', 'Clark', 'd83aa83339e596b2a46aa7d2ad9de891', 'cliente'),
('6', 'Smith.Hayley@comcast.net', 'Hayley', 'Smith', '6c16d5a2c70f9ad08dbdd404bdec3732', 'cliente'),
('7', 'Brandon.Frank@verizon.com', 'Brandon', 'Frank', '651318a2800683ad77e622356ca2560d', 'cliente'),
('8', 'Connor.Barber26@protonmail.com', 'Connor', 'Barber', '3cec045117da1a543f5322a1254ca816', 'cliente'),
('9', 'Jason.H@mail.com', 'Jason', 'Hoffman', '7f378b67b93948f90d905b110ea41ec0', 'cliente'),
('10', 'Carlson_Joshua@yahoo.com', 'Joshua', 'Carlson', '707fd6ac9bb37efd336d0300239d4b98', 'cliente'),
('11', 'Becker.Blake70@zoho.com', 'Blake', 'Becker', '8c85868db6781495dc636a6c3b2a448b', 'cliente'),
('12', 'TonyaAnderson@comcast.net', 'Tonya', 'Anderson', 'dcaf3313be00fe1a19f7cf324737dd3e', 'cliente'),
('13', 'THamilton@hotmail.com', 'Travis', 'Hamilton', '4b3c43971ff7cf22b05222ae75746dd0', 'cliente'),
('14', 'Chapman_Gabriela@verizon.com', 'Gabriela', 'Chapman', '346973a33022ec5e228e0a729322faaa', 'cliente'),
('15', 'JanetWatkins@yandex.com', 'Janet', 'Watkins', 'a1baf6bba2ac0b9def05f2690de81a5e', 'cliente'),
('16', 'EGonzales35@yandex.com', 'Eric', 'Gonzales', '543cd1122ed03c146d2984535155c384', 'cliente'),
('17', 'Moore.James92@hotmail.com', 'James', 'Moore', 'a0c1fedaa428ff4430444ded01e02db5', 'cliente'),
('18', 'Frye_Dennis88@gmail.com', 'Dennis', 'Frye', 'f6e9a50d4ce0f7edffcf12be2b9a6572', 'cliente'),
('19', 'Ashley.H41@zoho.com', 'Ashley', 'Hatfield', '8a4ddd9b7e9e40c2d73f7c6b6651fa82', 'cliente'),
('20', 'Rachel.Barton@outlook.com', 'Rachel', 'Barton', 'c8cdfadd52b9d6b14852b167bc821139', 'cliente'),
('21', 'Sara_Reynolds@comcast.net', 'Sara', 'Reynolds', '2884c69f2d1be4bb7cace46eb616f845', 'cliente'),
('22', 'RBarron@protonmail.com', 'Reginald', 'Barron', 'f755c4b7a483462e7876f94709efeab6', 'cliente'),
('23', 'Thomas_M@aol.com', 'Thomas', 'Morgan', 'e93a978a6004e9b6979965f4f6824d50', 'cliente'),
('24', 'Lane_Jacob99@aol.com', 'Jacob', 'Lane', 'b01865cf5ba658131943cd270406a66a', 'tecnico'),
('25', 'Carmen_P68@outlook.com', 'Carmen', 'Patterson', '6d43c544c58bc7265f815e6e1db243fd', 'tecnico'),
('26', 'Brandon.Carlson57@yahoo.com', 'Brandon', 'Carlson', 'cde418d088320e32b744832c55098336', 'tecnico'),
('27', 'Victor_M@zoho.com', 'Victor', 'Morris', 'e739760d4a101881000b960978affc28', 'tecnico'),
('28', 'Donna_Lopez@aol.com', 'Donna', 'Lopez', '51ec42113de5af9b1c11839a7840bdc1', 'tecnico'),
('29', 'Roberts_Shannon@att.com', 'Shannon', 'Roberts', 'a1c20c5bd4dc86ac300dd09578f5f310', 'tecnico'),
('30', 'Bailey.Ashley@xfinity.com', 'Ashley', 'Bailey', 'ef77e75cff94d5c80d3303d5fa01094b', 'tecnico'),
('31', 'Carmen_Jordan47@xfinity.com', 'Carmen', 'Jordan', '88dfa51d0976934844eb47e75ffcd952', 'tecnico'),
('32', 'AMckee82@gmail.com', 'Austin', 'Mckee', '59a4f88a63df503f6c696ffaeda813da', 'tecnico'),
('33', 'Michael_R@zoho.com', 'Michael', 'Ramsey', '3e372f60da848b5234146c41d7fb806e', 'tecnico');


CREATE TABLE categoria(
	cid SERIAL PRIMARY KEY,
	nome VARCHAR(255) NOT NULL UNIQUE,
	descrizione VARCHAR(255) NOT NULL
);

INSERT INTO categoria(cid, nome, descrizione) VALUES
(1, 'Guasti', 'Segnalazione guasti del sistema'),
(2, 'Informazioni', 'Richiesta informazioni'),
(3, 'Amministrazione', 'Richieste amministrative'),
(4, 'Email', 'Problemi con email');

CREATE TABLE ticket(
	tid SERIAL PRIMARY KEY,
	titolo VARCHAR(255) NOT NULL,
	messaggio TEXT NOT NULL,
	timestamp_insert TIMESTAMP NOT NULL,
	timestamp_carico TIMESTAMP NULL,
	report_chiusura TEXT NULL,
	timestamp_chiusura TIMESTAMP NULL,
	uid_cliente INT NOT NULL REFERENCES utente(uid) ON DELETE CASCADE ON UPDATE CASCADE,
	uid_tecnico INT NULL,
	stato VARCHAR(255) NOT NULL CHECK(stato IN ('aperto', 'in_carico', 'chiuso')) DEFAULT 'aperto',
	cid INT NOT NULL REFERENCES categoria(cid)
);

INSERT INTO ticket(tid, titolo, messaggio, timestamp_insert, timestamp_carico, report_chiusura, uid_cliente, uid_tecnico, stato, cid, timestamp_chiusura) VALUES
('1', 'test', 'test', '06-02-2021 07:31:38', '11-02-2021 04:33:08', 'risolto', '13', '25', 'chiuso', '1', '16-02-2021 03:57:27'),
('2', 'test', 'test', '21-08-2021 05:05:07', '22-08-2021 01:58:50', NULL, '15', '30', 'in_carico', '1', NULL),
('3', 'test', 'test', '22-08-2021 02:19:33', NULL, NULL, '8', NULL, 'aperto', '1', NULL),
('4', 'test', 'test', '24-01-2021 10:04:54', NULL, NULL, '15', NULL, 'aperto', '4', NULL),
('5', 'test', 'test', '27-07-2021 05:25:28', '02-08-2021 10:22:25', NULL, '7', '25', 'in_carico', '3', NULL),
('6', 'test', 'test', '24-05-2021 07:36:09', '29-05-2021 03:25:46', 'risolto', '21', '30', 'chiuso', '4', '11-06-2021 01:51:34'),
('7', 'test', 'test', '02-08-2021 01:00:58', NULL, NULL, '20', NULL, 'aperto', '2', NULL),
('8', 'test', 'test', '05-10-2021 02:40:11', NULL, NULL, '21', NULL, 'aperto', '2', NULL),
('9', 'test', 'test', '08-11-2021 10:00:45', NULL, NULL, '19', NULL, 'aperto', '3', NULL),
('10', 'test', 'test', '06-09-2021 06:21:52', '10-09-2021 10:34:34', NULL, '4', '28', 'in_carico', '2', NULL),
('11', 'test', 'test', '05-11-2021 12:20:05', '05-11-2021 06:20:58', NULL, '16', '28', 'in_carico', '1', NULL),
('12', 'test', 'test', '19-01-2021 06:04:33', NULL, NULL, '13', NULL, 'aperto', '4', NULL),
('13', 'test', 'test', '11-07-2021 05:37:39', NULL, NULL, '9', NULL, 'aperto', '1', NULL),
('14', 'test', 'test', '04-09-2021 07:15:07', '07-09-2021 02:43:03', 'risolto', '17', '30', 'chiuso', '1', '09-09-2021 09:58:39'),
('15', 'test', 'test', '05-07-2021 05:40:21', '09-07-2021 04:59:16', 'risolto', '12', '26', 'chiuso', '4', '17-07-2021 11:09:39'),
('16', 'test', 'test', '27-07-2021 07:36:04', '29-07-2021 09:12:26', 'risolto', '19', '26', 'chiuso', '3', '10-08-2021 06:28:08'),
('17', 'test', 'test', '02-01-2021 08:50:23', NULL, NULL, '16', NULL, 'aperto', '2', NULL),
('18', 'test', 'test', '06-03-2021 02:31:08', '11-03-2021 02:22:30', NULL, '7', '28', 'in_carico', '2', NULL),
('19', 'test', 'test', '10-11-2021 02:00:50', '11-11-2021 11:52:47', NULL, '12', '30', 'in_carico', '4', NULL),
('20', 'test', 'test', '03-11-2021 06:39:52', '04-11-2021 09:57:58', 'risolto', '15', '28', 'chiuso', '1', '12-11-2021 08:50:19'),
('21', 'test', 'test', '09-10-2021 01:34:53', NULL, NULL, '15', NULL, 'aperto', '2', NULL),
('22', 'test', 'test', '28-05-2021 03:34:09', '28-05-2021 05:41:16', 'risolto', '18', '25', 'chiuso', '1', '01-06-2021 08:55:22'),
('23', 'test', 'test', '14-09-2021 07:22:02', NULL, NULL, '11', NULL, 'aperto', '1', NULL),
('24', 'test', 'test', '25-08-2021 09:34:51', '26-08-2021 02:15:17', 'risolto', '22', '33', 'chiuso', '4', '28-08-2021 04:53:08'),
('25', 'test', 'test', '16-08-2021 08:25:17', NULL, NULL, '21', NULL, 'aperto', '3', NULL),
('26', 'test', 'test', '06-12-2021 10:08:50', '13-12-2021 09:39:12', 'risolto', '16', '27', 'chiuso', '4', '25-12-2021 09:41:51'),
('27', 'test', 'test', '19-03-2021 10:23:37', '26-03-2021 04:45:01', NULL, '18', '29', 'in_carico', '3', NULL),
('28', 'test', 'test', '28-12-2021 08:39:49', '30-12-2021 07:24:59', NULL, '14', '28', 'in_carico', '4', NULL),
('29', 'test', 'test', '19-08-2021 05:02:07', '23-08-2021 05:39:51', 'risolto', '6', '25', 'chiuso', '2', '28-08-2021 10:02:48'),
('30', 'test', 'test', '17-08-2021 05:10:46', NULL, NULL, '10', NULL, 'aperto', '1', NULL),
('31', 'test', 'test', '22-02-2021 08:41:49', NULL, NULL, '4', NULL, 'aperto', '3', NULL),
('32', 'test', 'test', '30-05-2021 01:17:36', '30-05-2021 02:44:56', 'risolto', '21', '30', 'chiuso', '4', '31-05-2021 08:16:16'),
('33', 'test', 'test', '12-09-2021 05:28:07', '15-09-2021 07:01:32', NULL, '15', '31', 'in_carico', '4', NULL),
('34', 'test', 'test', '13-01-2021 01:40:12', NULL, NULL, '19', NULL, 'aperto', '3', NULL),
('35', 'test', 'test', '31-05-2021 10:07:37', NULL, NULL, '15', NULL, 'aperto', '4', NULL),
('36', 'test', 'test', '12-12-2021 01:09:50', '13-12-2021 02:39:07', NULL, '19', '24', 'in_carico', '2', NULL),
('37', 'test', 'test', '24-07-2021 03:28:34', '24-07-2021 02:21:38', NULL, '21', '27', 'in_carico', '4', NULL),
('38', 'test', 'test', '25-04-2021 11:53:51', NULL, NULL, '7', NULL, 'aperto', '1', NULL),
('39', 'test', 'test', '01-07-2021 09:03:44', '04-07-2021 06:21:52', 'risolto', '19', '31', 'chiuso', '2', '10-07-2021 12:42:31'),
('40', 'test', 'test', '28-06-2021 02:43:26', '29-06-2021 07:46:58', 'risolto', '6', '28', 'chiuso', '1', '29-06-2021 08:51:59'),
('41', 'test', 'test', '04-11-2021 12:17:05', '08-11-2021 05:54:50', 'risolto', '13', '32', 'chiuso', '1', '19-11-2021 04:51:29'),
('42', 'test', 'test', '26-11-2021 12:53:46', NULL, NULL, '22', NULL, 'aperto', '3', NULL),
('43', 'test', 'test', '04-09-2021 03:28:36', NULL, NULL, '17', NULL, 'aperto', '1', NULL),
('44', 'test', 'test', '01-03-2021 05:01:08', '02-03-2021 08:04:28', NULL, '20', '33', 'in_carico', '1', NULL),
('45', 'test', 'test', '04-10-2021 10:23:06', NULL, NULL, '21', NULL, 'aperto', '3', NULL),
('46', 'test', 'test', '24-04-2021 06:03:50', '26-04-2021 09:11:10', NULL, '11', '26', 'in_carico', '4', NULL),
('47', 'test', 'test', '10-08-2021 04:25:35', '10-08-2021 12:44:09', 'risolto', '4', '31', 'chiuso', '1', '19-08-2021 02:03:38'),
('48', 'test', 'test', '14-04-2021 10:27:00', NULL, NULL, '8', NULL, 'aperto', '4', NULL),
('49', 'test', 'test', '28-03-2021 12:47:38', '28-03-2021 02:58:01', NULL, '20', '33', 'in_carico', '1', NULL),
('50', 'test', 'test', '29-03-2021 07:03:02', '30-03-2021 01:31:35', NULL, '6', '33', 'in_carico', '1', NULL),
('51', 'test', 'test', '05-02-2021 01:38:49', NULL, NULL, '22', NULL, 'aperto', '2', NULL),
('52', 'test', 'test', '24-08-2021 04:22:10', NULL, NULL, '8', NULL, 'aperto', '3', NULL),
('53', 'test', 'test', '03-02-2021 08:22:37', NULL, NULL, '10', NULL, 'aperto', '4', NULL),
('54', 'test', 'test', '26-05-2021 10:50:30', '27-05-2021 06:58:51', NULL, '14', '26', 'in_carico', '2', NULL),
('55', 'test', 'test', '12-03-2021 09:46:17', NULL, NULL, '19', NULL, 'aperto', '1', NULL),
('56', 'test', 'test', '13-03-2021 09:05:05', '14-03-2021 12:35:04', 'risolto', '21', '25', 'chiuso', '3', '25-03-2021 08:08:48'),
('57', 'test', 'test', '04-10-2021 03:32:39', NULL, NULL, '18', NULL, 'aperto', '2', NULL),
('58', 'test', 'test', '01-08-2021 12:01:53', '06-08-2021 09:12:27', NULL, '9', '24', 'in_carico', '1', NULL),
('59', 'test', 'test', '20-03-2021 07:05:51', NULL, NULL, '21', NULL, 'aperto', '3', NULL),
('60', 'test', 'test', '07-08-2021 12:25:40', '13-08-2021 01:45:20', NULL, '10', '33', 'in_carico', '1', NULL),
('61', 'test', 'test', '10-01-2021 04:29:24', '12-01-2021 01:01:08', 'risolto', '5', '32', 'chiuso', '2', '24-01-2021 05:21:04'),
('62', 'test', 'test', '12-04-2021 11:48:08', NULL, NULL, '18', NULL, 'aperto', '3', NULL),
('63', 'test', 'test', '25-07-2021 03:20:44', NULL, NULL, '20', NULL, 'aperto', '1', NULL),
('64', 'test', 'test', '20-06-2021 10:25:11', NULL, NULL, '14', NULL, 'aperto', '3', NULL),
('65', 'test', 'test', '08-02-2021 12:14:44', '11-02-2021 09:35:42', NULL, '20', '32', 'in_carico', '1', NULL),
('66', 'test', 'test', '21-05-2021 09:39:48', '23-05-2021 08:28:30', NULL, '15', '32', 'in_carico', '2', NULL),
('67', 'test', 'test', '28-02-2021 02:26:53', '28-02-2021 03:53:35', NULL, '19', '29', 'in_carico', '1', NULL),
('68', 'test', 'test', '26-03-2021 10:07:48', '27-03-2021 05:29:32', 'risolto', '5', '31', 'chiuso', '2', '06-04-2021 10:00:16'),
('69', 'test', 'test', '04-06-2021 09:16:23', '08-06-2021 12:47:50', 'risolto', '14', '32', 'chiuso', '2', '12-06-2021 02:17:26'),
('70', 'test', 'test', '01-06-2021 11:04:43', NULL, NULL, '14', NULL, 'aperto', '1', NULL),
('71', 'test', 'test', '14-10-2021 12:04:29', '19-10-2021 03:12:36', 'risolto', '20', '27', 'chiuso', '4', '31-10-2021 12:14:57'),
('72', 'test', 'test', '05-03-2021 07:23:10', '08-03-2021 11:29:09', 'risolto', '17', '31', 'chiuso', '2', '10-03-2021 03:00:26'),
('73', 'test', 'test', '22-02-2021 06:04:47', '25-02-2021 01:24:32', 'risolto', '22', '25', 'chiuso', '2', '10-03-2021 09:22:02'),
('74', 'test', 'test', '30-05-2021 05:11:17', '31-05-2021 05:01:50', 'risolto', '9', '29', 'chiuso', '2', '07-06-2021 09:09:35'),
('75', 'test', 'test', '24-12-2021 11:36:37', NULL, NULL, '21', NULL, 'aperto', '1', NULL),
('76', 'test', 'test', '21-10-2021 05:39:04', '27-10-2021 02:11:28', NULL, '11', '30', 'in_carico', '4', NULL),
('77', 'test', 'test', '21-05-2021 11:44:15', '25-05-2021 03:21:39', 'risolto', '22', '28', 'chiuso', '2', '02-06-2021 02:37:55'),
('78', 'test', 'test', '14-01-2021 03:22:38', '20-01-2021 07:50:13', 'risolto', '4', '30', 'chiuso', '3', '27-01-2021 02:44:25'),
('79', 'test', 'test', '21-03-2021 02:29:04', NULL, NULL, '15', NULL, 'aperto', '1', NULL),
('80', 'test', 'test', '06-06-2021 01:47:30', '09-06-2021 08:30:06', NULL, '22', '24', 'in_carico', '4', NULL),
('81', 'test', 'test', '27-03-2021 11:25:34', '30-03-2021 03:01:21', NULL, '9', '24', 'in_carico', '4', NULL),
('82', 'test', 'test', '22-02-2021 07:57:39', NULL, NULL, '22', NULL, 'aperto', '3', NULL),
('83', 'test', 'test', '26-06-2021 04:31:23', '30-06-2021 04:23:34', 'risolto', '9', '26', 'chiuso', '2', '13-07-2021 09:51:04'),
('84', 'test', 'test', '14-06-2021 09:47:55', '21-06-2021 08:07:55', 'risolto', '18', '32', 'chiuso', '4', '28-06-2021 06:56:32'),
('85', 'test', 'test', '13-02-2021 05:06:07', NULL, NULL, '13', NULL, 'aperto', '3', NULL),
('86', 'test', 'test', '06-11-2021 10:40:29', '12-11-2021 04:13:41', 'risolto', '6', '26', 'chiuso', '2', '13-11-2021 01:44:05'),
('87', 'test', 'test', '14-11-2021 06:08:58', NULL, NULL, '19', NULL, 'aperto', '4', NULL),
('88', 'test', 'test', '04-04-2021 06:23:19', '05-04-2021 06:49:16', NULL, '20', '24', 'in_carico', '4', NULL),
('89', 'test', 'test', '22-03-2021 11:08:49', NULL, NULL, '13', NULL, 'aperto', '1', NULL),
('90', 'test', 'test', '21-03-2021 01:57:01', '23-03-2021 12:21:45', 'risolto', '16', '28', 'chiuso', '2', '28-03-2021 10:33:48'),
('91', 'test', 'test', '11-10-2021 03:59:55', '11-10-2021 04:37:22', 'risolto', '17', '29', 'chiuso', '2', '19-10-2021 04:28:01'),
('92', 'test', 'test', '30-05-2021 06:07:42', NULL, NULL, '23', NULL, 'aperto', '3', NULL),
('93', 'test', 'test', '01-08-2021 05:06:50', NULL, NULL, '20', NULL, 'aperto', '1', NULL),
('94', 'test', 'test', '15-05-2021 01:34:46', '17-05-2021 05:55:56', NULL, '19', '27', 'in_carico', '2', NULL),
('95', 'test', 'test', '23-11-2021 01:59:48', NULL, NULL, '9', NULL, 'aperto', '1', NULL),
('96', 'test', 'test', '07-10-2021 11:03:22', '11-10-2021 10:08:22', NULL, '10', '24', 'in_carico', '3', NULL),
('97', 'test', 'test', '12-04-2021 02:52:46', '17-04-2021 04:28:29', 'risolto', '23', '27', 'chiuso', '1', '18-04-2021 04:38:47'),
('98', 'test', 'test', '20-05-2021 12:30:29', '20-05-2021 07:39:18', 'risolto', '4', '32', 'chiuso', '4', '23-05-2021 04:04:02'),
('99', 'test', 'test', '19-06-2021 05:17:51', NULL, NULL, '23', NULL, 'aperto', '4', NULL),
('100', 'test', 'test', '18-07-2021 08:52:00', '22-07-2021 10:49:41', NULL, '22', '31', 'in_carico', '3', NULL),
('101', 'test', 'test', '26-04-2021 12:17:36', NULL, NULL, '23', NULL, 'aperto', '4', NULL),
('102', 'test', 'test', '20-01-2021 07:11:02', NULL, NULL, '9', NULL, 'aperto', '4', NULL),
('103', 'test', 'test', '28-06-2021 05:36:10', '01-07-2021 09:39:23', 'risolto', '13', '30', 'chiuso', '2', '07-07-2021 10:23:55'),
('104', 'test', 'test', '19-04-2021 11:39:41', NULL, NULL, '5', NULL, 'aperto', '1', NULL),
('105', 'test', 'test', '28-09-2021 11:01:16', NULL, NULL, '9', NULL, 'aperto', '1', NULL),
('106', 'test', 'test', '29-08-2021 05:37:35', '29-08-2021 07:55:58', NULL, '16', '24', 'in_carico', '2', NULL),
('107', 'test', 'test', '13-07-2021 11:41:20', '16-07-2021 10:17:29', 'risolto', '7', '24', 'chiuso', '4', '25-07-2021 09:21:41'),
('108', 'test', 'test', '27-03-2021 01:16:46', '01-04-2021 01:29:36', NULL, '19', '24', 'in_carico', '1', NULL),
('109', 'test', 'test', '25-03-2021 01:57:31', NULL, NULL, '4', NULL, 'aperto', '2', NULL),
('110', 'test', 'test', '18-06-2021 01:52:05', NULL, NULL, '13', NULL, 'aperto', '3', NULL),
('111', 'test', 'test', '26-02-2021 04:13:54', '01-03-2021 04:55:42', NULL, '14', '27', 'in_carico', '4', NULL),
('112', 'test', 'test', '07-01-2021 12:06:37', '13-01-2021 11:02:34', 'risolto', '8', '25', 'chiuso', '1', '18-01-2021 08:02:32'),
('113', 'test', 'test', '03-06-2021 12:57:00', '05-06-2021 10:02:27', 'risolto', '22', '24', 'chiuso', '4', '15-06-2021 06:59:10'),
('114', 'test', 'test', '20-05-2021 03:58:42', '23-05-2021 11:57:20', 'risolto', '19', '26', 'chiuso', '1', '27-05-2021 11:22:15'),
('115', 'test', 'test', '05-08-2021 02:23:52', '05-08-2021 08:51:15', NULL, '17', '29', 'in_carico', '3', NULL),
('116', 'test', 'test', '28-11-2021 06:11:29', '28-11-2021 10:35:17', NULL, '5', '27', 'in_carico', '1', NULL),
('117', 'test', 'test', '20-03-2021 04:31:33', '25-03-2021 04:49:43', 'risolto', '6', '33', 'chiuso', '1', '29-03-2021 07:03:44'),
('118', 'test', 'test', '19-11-2021 10:53:07', NULL, NULL, '20', NULL, 'aperto', '3', NULL),
('119', 'test', 'test', '12-05-2021 06:01:51', NULL, NULL, '11', NULL, 'aperto', '2', NULL),
('120', 'test', 'test', '30-01-2021 01:30:48', NULL, NULL, '22', NULL, 'aperto', '1', NULL),
('121', 'test', 'test', '19-11-2021 11:13:43', NULL, NULL, '13', NULL, 'aperto', '1', NULL),
('122', 'test', 'test', '06-08-2021 03:41:34', NULL, NULL, '8', NULL, 'aperto', '1', NULL),
('123', 'test', 'test', '29-03-2021 10:46:09', '02-04-2021 07:00:09', 'risolto', '11', '31', 'chiuso', '1', '13-04-2021 07:28:07'),
('124', 'test', 'test', '11-12-2021 06:42:07', NULL, NULL, '8', NULL, 'aperto', '3', NULL),
('125', 'test', 'test', '11-05-2021 11:03:43', '14-05-2021 05:02:54', 'risolto', '14', '32', 'chiuso', '2', '25-05-2021 09:42:29'),
('126', 'test', 'test', '20-09-2021 10:28:32', '22-09-2021 01:51:03', 'risolto', '23', '32', 'chiuso', '2', '22-09-2021 09:10:27'),
('127', 'test', 'test', '06-11-2021 04:50:29', '06-11-2021 05:20:02', NULL, '6', '24', 'in_carico', '3', NULL),
('128', 'test', 'test', '16-09-2021 06:12:22', '21-09-2021 04:40:46', 'risolto', '23', '29', 'chiuso', '1', '30-09-2021 09:54:14'),
('129', 'test', 'test', '21-12-2021 07:12:17', '27-12-2021 09:46:13', NULL, '4', '27', 'in_carico', '1', NULL),
('130', 'test', 'test', '16-12-2021 11:53:28', '23-12-2021 02:31:46', 'risolto', '7', '28', 'chiuso', '4', '29-12-2021 01:07:07'),
('131', 'test', 'test', '15-12-2021 03:04:40', NULL, NULL, '16', NULL, 'aperto', '2', NULL),
('132', 'test', 'test', '18-04-2021 06:42:12', NULL, NULL, '15', NULL, 'aperto', '1', NULL),
('133', 'test', 'test', '24-11-2021 02:17:43', '26-11-2021 09:25:33', 'risolto', '5', '27', 'chiuso', '2', '09-12-2021 01:17:46'),
('134', 'test', 'test', '17-11-2021 08:59:00', '20-11-2021 07:19:31', NULL, '15', '31', 'in_carico', '2', NULL),
('135', 'test', 'test', '03-09-2021 01:26:53', NULL, NULL, '22', NULL, 'aperto', '3', NULL),
('136', 'test', 'test', '15-10-2021 08:31:21', '19-10-2021 06:30:31', NULL, '10', '31', 'in_carico', '2', NULL),
('137', 'test', 'test', '07-08-2021 10:33:55', NULL, NULL, '14', NULL, 'aperto', '3', NULL),
('138', 'test', 'test', '20-11-2021 03:15:03', '22-11-2021 03:23:28', 'risolto', '22', '26', 'chiuso', '2', '26-11-2021 08:46:26'),
('139', 'test', 'test', '21-10-2021 01:31:57', '26-10-2021 07:41:31', 'risolto', '6', '26', 'chiuso', '2', '30-10-2021 07:14:35'),
('140', 'test', 'test', '23-04-2021 12:51:42', '27-04-2021 10:20:38', 'risolto', '7', '28', 'chiuso', '3', '01-05-2021 11:55:49'),
('141', 'test', 'test', '14-04-2021 12:13:46', '15-04-2021 12:46:51', NULL, '11', '24', 'in_carico', '1', NULL),
('142', 'test', 'test', '06-12-2021 10:12:58', '08-12-2021 08:07:24', NULL, '8', '32', 'in_carico', '3', NULL),
('143', 'test', 'test', '03-08-2021 06:58:22', '09-08-2021 06:40:09', NULL, '9', '28', 'in_carico', '3', NULL),
('144', 'test', 'test', '05-03-2021 10:27:17', NULL, NULL, '12', NULL, 'aperto', '4', NULL),
('145', 'test', 'test', '16-08-2021 05:41:58', '18-08-2021 02:44:34', 'risolto', '7', '26', 'chiuso', '4', '20-08-2021 10:43:44'),
('146', 'test', 'test', '29-11-2021 08:44:07', '01-12-2021 03:26:31', NULL, '19', '30', 'in_carico', '2', NULL),
('147', 'test', 'test', '10-01-2021 10:40:38', NULL, NULL, '18', NULL, 'aperto', '2', NULL),
('148', 'test', 'test', '01-03-2021 12:06:50', NULL, NULL, '19', NULL, 'aperto', '4', NULL),
('149', 'test', 'test', '15-10-2021 01:19:10', '16-10-2021 11:48:54', NULL, '5', '32', 'in_carico', '3', NULL),
('150', 'test', 'test', '27-08-2021 02:19:22', '01-09-2021 11:03:03', NULL, '6', '28', 'in_carico', '1', NULL),
('151', 'test', 'test', '25-09-2021 03:38:32', '01-10-2021 09:59:44', 'risolto', '21', '28', 'chiuso', '3', '09-10-2021 04:47:53'),
('152', 'test', 'test', '19-08-2021 11:21:39', NULL, NULL, '22', NULL, 'aperto', '2', NULL),
('153', 'test', 'test', '15-04-2021 01:03:45', '15-04-2021 05:33:42', NULL, '23', '24', 'in_carico', '4', NULL),
('154', 'test', 'test', '21-12-2021 06:28:59', NULL, NULL, '9', NULL, 'aperto', '3', NULL),
('155', 'test', 'test', '10-06-2021 10:20:56', NULL, NULL, '22', NULL, 'aperto', '2', NULL),
('156', 'test', 'test', '26-09-2021 11:47:56', '02-10-2021 05:01:29', 'risolto', '9', '28', 'chiuso', '4', '02-10-2021 04:21:48'),
('157', 'test', 'test', '22-09-2021 12:57:14', '25-09-2021 11:32:34', 'risolto', '22', '28', 'chiuso', '4', '27-09-2021 12:55:38'),
('158', 'test', 'test', '16-03-2021 08:11:00', NULL, NULL, '13', NULL, 'aperto', '3', NULL),
('159', 'test', 'test', '12-05-2021 08:53:11', NULL, NULL, '21', NULL, 'aperto', '2', NULL),
('160', 'test', 'test', '26-05-2021 11:24:55', '29-05-2021 08:56:53', NULL, '19', '27', 'in_carico', '4', NULL),
('161', 'test', 'test', '07-06-2021 04:58:25', '08-06-2021 11:18:11', 'risolto', '4', '28', 'chiuso', '4', '21-06-2021 07:11:49'),
('162', 'test', 'test', '19-12-2021 10:53:30', NULL, NULL, '10', NULL, 'aperto', '3', NULL),
('163', 'test', 'test', '09-10-2021 05:15:08', '10-10-2021 05:13:33', 'risolto', '6', '25', 'chiuso', '3', '17-10-2021 07:06:05'),
('164', 'test', 'test', '23-03-2021 02:28:51', '28-03-2021 10:39:14', 'risolto', '14', '33', 'chiuso', '2', '28-03-2021 10:35:10'),
('165', 'test', 'test', '17-02-2021 12:04:46', '23-02-2021 12:01:43', 'risolto', '16', '31', 'chiuso', '3', '07-03-2021 01:28:56'),
('166', 'test', 'test', '11-05-2021 05:43:48', NULL, NULL, '4', NULL, 'aperto', '3', NULL),
('167', 'test', 'test', '05-12-2021 03:12:07', NULL, NULL, '11', NULL, 'aperto', '4', NULL),
('168', 'test', 'test', '02-03-2021 03:02:07', '07-03-2021 04:14:10', NULL, '5', '31', 'in_carico', '4', NULL),
('169', 'test', 'test', '01-01-2021 06:08:20', '03-01-2021 04:22:13', 'risolto', '20', '27', 'chiuso', '2', '15-01-2021 05:55:23'),
('170', 'test', 'test', '22-12-2021 12:47:08', '23-12-2021 04:31:30', 'risolto', '13', '29', 'chiuso', '1', '24-12-2021 05:47:39'),
('171', 'test', 'test', '19-10-2021 09:32:39', '20-10-2021 04:15:51', NULL, '12', '33', 'in_carico', '3', NULL),
('172', 'test', 'test', '24-06-2021 06:53:11', NULL, NULL, '20', NULL, 'aperto', '4', NULL),
('173', 'test', 'test', '08-06-2021 04:29:55', '11-06-2021 05:56:49', NULL, '4', '28', 'in_carico', '4', NULL),
('174', 'test', 'test', '30-03-2021 05:56:50', '03-04-2021 03:41:27', NULL, '6', '26', 'in_carico', '2', NULL),
('175', 'test', 'test', '09-03-2021 11:31:25', '10-03-2021 07:45:05', NULL, '19', '31', 'in_carico', '2', NULL),
('176', 'test', 'test', '26-01-2021 04:25:03', '28-01-2021 08:04:41', NULL, '5', '27', 'in_carico', '3', NULL),
('177', 'test', 'test', '06-10-2021 12:56:04', '08-10-2021 09:42:17', NULL, '10', '28', 'in_carico', '2', NULL),
('178', 'test', 'test', '06-12-2021 05:24:29', '07-12-2021 12:01:53', 'risolto', '17', '28', 'chiuso', '1', '15-12-2021 04:51:43'),
('179', 'test', 'test', '06-02-2021 03:53:39', '08-02-2021 04:39:05', NULL, '20', '26', 'in_carico', '1', NULL),
('180', 'test', 'test', '29-04-2021 07:55:54', '06-05-2021 01:40:46', NULL, '22', '30', 'in_carico', '3', NULL),
('181', 'test', 'test', '15-04-2021 05:38:47', '15-04-2021 04:33:07', 'risolto', '4', '26', 'chiuso', '1', '18-04-2021 09:19:13'),
('182', 'test', 'test', '06-08-2021 02:34:55', NULL, NULL, '9', NULL, 'aperto', '4', NULL),
('183', 'test', 'test', '07-01-2021 01:24:02', '07-01-2021 08:06:40', 'risolto', '7', '33', 'chiuso', '2', '10-01-2021 10:20:15'),
('184', 'test', 'test', '29-12-2021 07:07:08', NULL, NULL, '10', NULL, 'aperto', '3', NULL),
('185', 'test', 'test', '01-02-2021 12:35:52', NULL, NULL, '5', NULL, 'aperto', '2', NULL),
('186', 'test', 'test', '25-03-2021 08:15:48', NULL, NULL, '17', NULL, 'aperto', '1', NULL),
('187', 'test', 'test', '28-01-2021 06:56:13', '28-01-2021 03:26:40', NULL, '5', '29', 'in_carico', '1', NULL),
('188', 'test', 'test', '27-11-2021 03:44:43', '01-12-2021 12:07:51', NULL, '15', '26', 'in_carico', '2', NULL),
('189', 'test', 'test', '11-05-2021 10:35:36', NULL, NULL, '10', NULL, 'aperto', '1', NULL),
('190', 'test', 'test', '03-04-2021 07:52:54', '06-04-2021 05:49:54', NULL, '10', '26', 'in_carico', '1', NULL),
('191', 'test', 'test', '11-01-2021 12:57:32', '13-01-2021 08:35:13', 'risolto', '6', '32', 'chiuso', '1', '15-01-2021 03:05:56'),
('192', 'test', 'test', '25-12-2021 03:40:26', '28-12-2021 06:37:41', 'risolto', '17', '25', 'chiuso', '4', '08-01-2022 09:26:23'),
('193', 'test', 'test', '02-04-2021 02:19:25', '08-04-2021 05:14:09', NULL, '19', '31', 'in_carico', '3', NULL),
('194', 'test', 'test', '27-10-2021 01:17:11', NULL, NULL, '22', NULL, 'aperto', '4', NULL),
('195', 'test', 'test', '24-09-2021 07:40:08', NULL, NULL, '18', NULL, 'aperto', '1', NULL),
('196', 'test', 'test', '28-11-2021 05:48:29', '01-12-2021 06:49:43', 'risolto', '17', '25', 'chiuso', '3', '14-12-2021 12:11:19'),
('197', 'test', 'test', '11-12-2021 03:58:58', NULL, NULL, '16', NULL, 'aperto', '3', NULL),
('198', 'test', 'test', '27-10-2021 04:08:37', NULL, NULL, '17', NULL, 'aperto', '4', NULL),
('199', 'test', 'test', '16-04-2021 02:34:58', '18-04-2021 04:23:13', 'risolto', '23', '28', 'chiuso', '3', '29-04-2021 06:29:27'),
('200', 'test', 'test', '19-09-2021 02:38:31', '21-09-2021 11:50:39', 'risolto', '5', '28', 'chiuso', '1', '29-09-2021 01:53:41');

CREATE TABLE risposta(
	rid SERIAL PRIMARY KEY,
	tid INT NOT NULL REFERENCES ticket(tid) ON DELETE CASCADE ON UPDATE CASCADE,
	timestamp_ins TIMESTAMP NOT NULL,
	messaggio TEXT NOT NULL,
	uid INT NOT NULL REFERENCES utente(uid) ON DELETE CASCADE ON UPDATE CASCADE
);

INSERT INTO risposta(tid, timestamp_ins, messaggio, uid) VALUES
('1', '08-02-2021 01:00:03', 'messaggio di prova', '25'),
('1', '13-02-2021 03:39:34', 'messaggio di prova', '25'),
('1', '13-02-2021 08:45:43', 'messaggio di prova', '13'),
('2', '28-08-2021 03:43:34', 'messaggio di prova', '30'),
('3', '24-08-2021 11:11:49', 'messaggio di prova', '8'),
('3', '04-09-2021 02:37:14', 'messaggio di prova', '8'),
('3', '04-09-2021 01:30:43', 'messaggio di prova', '8'),
('3', '25-08-2021 10:05:10', 'messaggio di prova', '8'),
('4', '03-02-2021 02:04:01', 'messaggio di prova', '15'),
('4', '27-01-2021 12:45:08', 'messaggio di prova', '15'),
('6', '30-05-2021 11:27:50', 'messaggio di prova', '21'),
('6', '25-05-2021 10:15:04', 'messaggio di prova', '21'),
('6', '28-05-2021 01:11:33', 'messaggio di prova', '21'),
('7', '06-08-2021 04:09:37', 'messaggio di prova', '20'),
('7', '12-08-2021 01:53:29', 'messaggio di prova', '20'),
('7', '05-08-2021 03:09:27', 'messaggio di prova', '20'),
('7', '03-08-2021 11:30:16', 'messaggio di prova', '20'),
('7', '12-08-2021 07:09:25', 'messaggio di prova', '20'),
('7', '06-08-2021 06:45:30', 'messaggio di prova', '20'),
('7', '07-08-2021 03:49:04', 'messaggio di prova', '20'),
('7', '10-08-2021 05:22:49', 'messaggio di prova', '20'),
('7', '02-08-2021 01:21:34', 'messaggio di prova', '20'),
('7', '14-08-2021 07:27:39', 'messaggio di prova', '20'),
('8', '15-10-2021 02:21:12', 'messaggio di prova', '21'),
('8', '07-10-2021 12:13:24', 'messaggio di prova', '21'),
('9', '15-11-2021 02:05:31', 'messaggio di prova', '19'),
('9', '10-11-2021 07:52:55', 'messaggio di prova', '19'),
('9', '17-11-2021 01:46:16', 'messaggio di prova', '19'),
('9', '15-11-2021 07:28:12', 'messaggio di prova', '19'),
('9', '12-11-2021 11:58:50', 'messaggio di prova', '19'),
('9', '12-11-2021 02:48:28', 'messaggio di prova', '19'),
('10', '10-09-2021 12:58:48', 'messaggio di prova', '28'),
('10', '18-09-2021 11:47:53', 'messaggio di prova', '28'),
('10', '19-09-2021 07:50:15', 'messaggio di prova', '28'),
('11', '06-11-2021 03:39:07', 'messaggio di prova', '28'),
('11', '06-11-2021 08:16:17', 'messaggio di prova', '16'),
('11', '15-11-2021 02:34:53', 'messaggio di prova', '16'),
('11', '07-11-2021 01:32:43', 'messaggio di prova', '28'),
('11', '18-11-2021 08:26:09', 'messaggio di prova', '16'),
('15', '09-07-2021 03:26:36', 'messaggio di prova', '12'),
('15', '09-07-2021 06:06:20', 'messaggio di prova', '26'),
('15', '09-07-2021 06:22:39', 'messaggio di prova', '26'),
('15', '16-07-2021 08:57:28', 'messaggio di prova', '12'),
('15', '12-07-2021 10:48:37', 'messaggio di prova', '26'),
('16', '28-07-2021 09:37:59', 'messaggio di prova', '19'),
('16', '30-07-2021 02:48:25', 'messaggio di prova', '19'),
('16', '08-08-2021 03:00:13', 'messaggio di prova', '19'),
('16', '06-08-2021 10:53:46', 'messaggio di prova', '19'),
('16', '28-07-2021 10:51:22', 'messaggio di prova', '19'),
('17', '12-01-2021 07:29:45', 'messaggio di prova', '16'),
('17', '13-01-2021 04:14:42', 'messaggio di prova', '16'),
('17', '14-01-2021 02:47:43', 'messaggio di prova', '16'),
('17', '03-01-2021 11:33:36', 'messaggio di prova', '16'),
('17', '13-01-2021 07:00:00', 'messaggio di prova', '16'),
('17', '03-01-2021 07:17:38', 'messaggio di prova', '16'),
('17', '08-01-2021 06:27:45', 'messaggio di prova', '16'),
('17', '12-01-2021 09:45:17', 'messaggio di prova', '16'),
('18', '11-03-2021 05:48:12', 'messaggio di prova', '7'),
('18', '11-03-2021 12:16:14', 'messaggio di prova', '7'),
('18', '13-03-2021 05:21:12', 'messaggio di prova', '28'),
('18', '16-03-2021 06:30:47', 'messaggio di prova', '7'),
('18', '14-03-2021 11:07:11', 'messaggio di prova', '28'),
('18', '07-03-2021 03:43:25', 'messaggio di prova', '28'),
('18', '11-03-2021 10:58:38', 'messaggio di prova', '7'),
('18', '10-03-2021 11:18:47', 'messaggio di prova', '7'),
('18', '07-03-2021 09:58:11', 'messaggio di prova', '7'),
('18', '06-03-2021 02:23:41', 'messaggio di prova', '28'),
('19', '21-11-2021 10:08:44', 'messaggio di prova', '12'),
('19', '16-11-2021 09:32:53', 'messaggio di prova', '30'),
('19', '22-11-2021 08:09:30', 'messaggio di prova', '30'),
('19', '13-11-2021 06:45:34', 'messaggio di prova', '30'),
('19', '13-11-2021 12:06:01', 'messaggio di prova', '30'),
('20', '09-11-2021 06:41:16', 'messaggio di prova', '15'),
('20', '06-11-2021 04:05:51', 'messaggio di prova', '15'),
('20', '10-11-2021 05:26:46', 'messaggio di prova', '15'),
('21', '15-10-2021 07:29:25', 'messaggio di prova', '15'),
('21', '16-10-2021 06:19:02', 'messaggio di prova', '15'),
('21', '20-10-2021 01:06:14', 'messaggio di prova', '15'),
('21', '11-10-2021 11:22:15', 'messaggio di prova', '15'),
('22', '28-05-2021 09:29:11', 'messaggio di prova', '25'),
('22', '01-06-2021 01:07:51', 'messaggio di prova', '25'),
('22', '29-05-2021 10:06:37', 'messaggio di prova', '25'),
('22', '29-05-2021 11:08:40', 'messaggio di prova', '25'),
('22', '31-05-2021 09:33:07', 'messaggio di prova', '18'),
('22', '28-05-2021 03:51:51', 'messaggio di prova', '25'),
('23', '23-09-2021 04:11:25', 'messaggio di prova', '11'),
('23', '20-09-2021 01:12:39', 'messaggio di prova', '11'),
('23', '20-09-2021 11:38:52', 'messaggio di prova', '11'),
('23', '21-09-2021 02:33:50', 'messaggio di prova', '11'),
('23', '21-09-2021 12:26:33', 'messaggio di prova', '11'),
('23', '18-09-2021 01:57:20', 'messaggio di prova', '11'),
('23', '20-09-2021 09:23:29', 'messaggio di prova', '11'),
('23', '16-09-2021 08:44:22', 'messaggio di prova', '11'),
('23', '20-09-2021 04:15:49', 'messaggio di prova', '11'),
('23', '23-09-2021 12:24:07', 'messaggio di prova', '11'),
('24', '25-08-2021 03:55:21', 'messaggio di prova', '22'),
('24', '26-08-2021 03:51:53', 'messaggio di prova', '22'),
('24', '26-08-2021 09:47:21', 'messaggio di prova', '22'),
('24', '27-08-2021 09:04:55', 'messaggio di prova', '22'),
('24', '25-08-2021 09:55:16', 'messaggio di prova', '22'),
('24', '27-08-2021 11:47:39', 'messaggio di prova', '22'),
('24', '27-08-2021 09:17:09', 'messaggio di prova', '22'),
('24', '27-08-2021 04:15:37', 'messaggio di prova', '33'),
('24', '27-08-2021 07:30:39', 'messaggio di prova', '22'),
('24', '26-08-2021 09:18:41', 'messaggio di prova', '33'),
('25', '27-08-2021 01:01:32', 'messaggio di prova', '21'),
('25', '21-08-2021 09:47:02', 'messaggio di prova', '21'),
('25', '25-08-2021 06:37:19', 'messaggio di prova', '21'),
('26', '12-12-2021 12:56:00', 'messaggio di prova', '27'),
('26', '22-12-2021 09:38:43', 'messaggio di prova', '16'),
('26', '08-12-2021 09:13:15', 'messaggio di prova', '16'),
('26', '14-12-2021 06:47:02', 'messaggio di prova', '16'),
('28', '07-01-2022 08:51:37', 'messaggio di prova', '28'),
('28', '29-12-2021 11:31:45', 'messaggio di prova', '28'),
('28', '09-01-2022 06:54:58', 'messaggio di prova', '28'),
('28', '04-01-2022 06:46:09', 'messaggio di prova', '28'),
('28', '07-01-2022 05:37:39', 'messaggio di prova', '28'),
('28', '29-12-2021 07:58:37', 'messaggio di prova', '28'),
('28', '30-12-2021 04:34:02', 'messaggio di prova', '14'),
('28', '31-12-2021 12:28:25', 'messaggio di prova', '28'),
('29', '23-08-2021 12:41:01', 'messaggio di prova', '6'),
('29', '26-08-2021 06:55:09', 'messaggio di prova', '25'),
('29', '23-08-2021 03:10:01', 'messaggio di prova', '25'),
('29', '22-08-2021 11:13:25', 'messaggio di prova', '25'),
('29', '26-08-2021 09:16:09', 'messaggio di prova', '6'),
('29', '21-08-2021 02:49:14', 'messaggio di prova', '25'),
('29', '19-08-2021 02:39:22', 'messaggio di prova', '6'),
('30', '26-08-2021 05:49:13', 'messaggio di prova', '10'),
('30', '24-08-2021 01:05:54', 'messaggio di prova', '10'),
('30', '29-08-2021 07:19:38', 'messaggio di prova', '10'),
('30', '24-08-2021 06:20:45', 'messaggio di prova', '10'),
('30', '22-08-2021 01:00:08', 'messaggio di prova', '10'),
('30', '28-08-2021 02:07:42', 'messaggio di prova', '10'),
('30', '29-08-2021 10:34:44', 'messaggio di prova', '10'),
('31', '06-03-2021 12:07:59', 'messaggio di prova', '4'),
('31', '26-02-2021 11:16:04', 'messaggio di prova', '4'),
('31', '06-03-2021 10:37:04', 'messaggio di prova', '4'),
('31', '25-02-2021 01:41:08', 'messaggio di prova', '4'),
('31', '27-02-2021 02:35:38', 'messaggio di prova', '4'),
('31', '05-03-2021 03:24:19', 'messaggio di prova', '4'),
('31', '02-03-2021 06:21:17', 'messaggio di prova', '4'),
('31', '01-03-2021 09:29:35', 'messaggio di prova', '4'),
('31', '22-02-2021 03:00:09', 'messaggio di prova', '4'),
('32', '31-05-2021 03:48:18', 'messaggio di prova', '21'),
('32', '30-05-2021 02:13:04', 'messaggio di prova', '21'),
('32', '30-05-2021 06:57:05', 'messaggio di prova', '21'),
('32', '30-05-2021 01:12:00', 'messaggio di prova', '30'),
('32', '30-05-2021 02:24:21', 'messaggio di prova', '21'),
('32', '30-05-2021 10:11:35', 'messaggio di prova', '21'),
('32', '30-05-2021 10:47:38', 'messaggio di prova', '30'),
('33', '12-09-2021 01:48:26', 'messaggio di prova', '15'),
('33', '25-09-2021 07:37:38', 'messaggio di prova', '31'),
('33', '15-09-2021 05:05:55', 'messaggio di prova', '15'),
('33', '24-09-2021 10:52:54', 'messaggio di prova', '31'),
('33', '25-09-2021 01:05:01', 'messaggio di prova', '31'),
('33', '24-09-2021 11:16:23', 'messaggio di prova', '15'),
('33', '15-09-2021 04:03:06', 'messaggio di prova', '15'),
('33', '20-09-2021 02:30:16', 'messaggio di prova', '31'),
('34', '18-01-2021 09:07:58', 'messaggio di prova', '19'),
('34', '19-01-2021 05:55:11', 'messaggio di prova', '19'),
('35', '09-06-2021 04:37:40', 'messaggio di prova', '15'),
('35', '01-06-2021 02:45:30', 'messaggio di prova', '15'),
('35', '14-06-2021 06:44:03', 'messaggio di prova', '15'),
('35', '03-06-2021 12:10:44', 'messaggio di prova', '15'),
('35', '08-06-2021 04:52:37', 'messaggio di prova', '15'),
('35', '08-06-2021 10:24:07', 'messaggio di prova', '15'),
('35', '07-06-2021 03:37:01', 'messaggio di prova', '15'),
('36', '15-12-2021 01:12:31', 'messaggio di prova', '19'),
('36', '24-12-2021 11:05:36', 'messaggio di prova', '24'),
('36', '17-12-2021 05:12:14', 'messaggio di prova', '24'),
('36', '21-12-2021 10:28:42', 'messaggio di prova', '19'),
('36', '19-12-2021 03:40:45', 'messaggio di prova', '24'),
('36', '25-12-2021 03:00:48', 'messaggio di prova', '24'),
('37', '02-08-2021 09:44:17', 'messaggio di prova', '27'),
('37', '28-07-2021 01:45:25', 'messaggio di prova', '27'),
('37', '25-07-2021 06:18:50', 'messaggio di prova', '27'),
('37', '29-07-2021 07:34:12', 'messaggio di prova', '27'),
('37', '27-07-2021 01:01:43', 'messaggio di prova', '27'),
('37', '28-07-2021 02:31:47', 'messaggio di prova', '21'),
('37', '03-08-2021 06:41:01', 'messaggio di prova', '27'),
('37', '02-08-2021 02:24:54', 'messaggio di prova', '27'),
('37', '24-07-2021 07:16:41', 'messaggio di prova', '21'),
('37', '26-07-2021 02:14:37', 'messaggio di prova', '27'),
('38', '29-04-2021 11:09:26', 'messaggio di prova', '7'),
('38', '27-04-2021 03:35:21', 'messaggio di prova', '7'),
('38', '25-04-2021 05:38:54', 'messaggio di prova', '7'),
('39', '01-07-2021 07:58:22', 'messaggio di prova', '31'),
('39', '04-07-2021 11:35:12', 'messaggio di prova', '19'),
('39', '04-07-2021 12:48:07', 'messaggio di prova', '31'),
('39', '06-07-2021 10:03:39', 'messaggio di prova', '19'),
('39', '03-07-2021 08:16:25', 'messaggio di prova', '31'),
('39', '07-07-2021 03:52:01', 'messaggio di prova', '31'),
('39', '05-07-2021 04:48:30', 'messaggio di prova', '19'),
('40', '28-06-2021 10:58:05', 'messaggio di prova', '28'),
('40', '28-06-2021 05:04:30', 'messaggio di prova', '6'),
('40', '29-06-2021 06:49:18', 'messaggio di prova', '6'),
('40', '29-06-2021 03:30:46', 'messaggio di prova', '6'),
('40', '28-06-2021 10:43:02', 'messaggio di prova', '28'),
('40', '28-06-2021 08:21:15', 'messaggio di prova', '6'),
('41', '17-11-2021 02:54:39', 'messaggio di prova', '32'),
('41', '14-11-2021 04:51:55', 'messaggio di prova', '32'),
('41', '05-11-2021 10:31:35', 'messaggio di prova', '13'),
('42', '03-12-2021 12:51:17', 'messaggio di prova', '22'),
('42', '02-12-2021 10:47:28', 'messaggio di prova', '22'),
('43', '04-09-2021 08:58:12', 'messaggio di prova', '17'),
('43', '16-09-2021 05:43:47', 'messaggio di prova', '17'),
('43', '08-09-2021 03:18:56', 'messaggio di prova', '17'),
('43', '16-09-2021 04:52:28', 'messaggio di prova', '17'),
('43', '11-09-2021 12:08:53', 'messaggio di prova', '17'),
('43', '12-09-2021 01:23:51', 'messaggio di prova', '17'),
('43', '07-09-2021 09:28:17', 'messaggio di prova', '17'),
('43', '16-09-2021 01:02:20', 'messaggio di prova', '17'),
('44', '08-03-2021 03:31:08', 'messaggio di prova', '20'),
('44', '04-03-2021 06:40:59', 'messaggio di prova', '20'),
('44', '05-03-2021 08:24:38', 'messaggio di prova', '20'),
('44', '11-03-2021 01:19:18', 'messaggio di prova', '33'),
('44', '13-03-2021 12:12:38', 'messaggio di prova', '33'),
('44', '10-03-2021 06:01:10', 'messaggio di prova', '20'),
('44', '01-03-2021 12:19:30', 'messaggio di prova', '20'),
('44', '11-03-2021 09:08:29', 'messaggio di prova', '33'),
('44', '07-03-2021 08:36:26', 'messaggio di prova', '33'),
('45', '08-10-2021 07:34:58', 'messaggio di prova', '21'),
('45', '10-10-2021 08:45:43', 'messaggio di prova', '21'),
('45', '09-10-2021 06:12:49', 'messaggio di prova', '21'),
('45', '08-10-2021 05:42:02', 'messaggio di prova', '21'),
('45', '17-10-2021 01:29:15', 'messaggio di prova', '21'),
('45', '14-10-2021 08:58:29', 'messaggio di prova', '21'),
('45', '13-10-2021 08:21:07', 'messaggio di prova', '21'),
('45', '06-10-2021 09:43:34', 'messaggio di prova', '21'),
('46', '25-04-2021 05:10:42', 'messaggio di prova', '11'),
('46', '03-05-2021 01:51:55', 'messaggio di prova', '26'),
('46', '30-04-2021 09:19:30', 'messaggio di prova', '11'),
('46', '06-05-2021 02:23:03', 'messaggio di prova', '26'),
('46', '04-05-2021 04:29:08', 'messaggio di prova', '11'),
('46', '01-05-2021 02:15:34', 'messaggio di prova', '26'),
('46', '30-04-2021 02:43:30', 'messaggio di prova', '26'),
('46', '30-04-2021 09:28:28', 'messaggio di prova', '11'),
('46', '06-05-2021 05:30:33', 'messaggio di prova', '11'),
('46', '28-04-2021 09:43:38', 'messaggio di prova', '26'),
('47', '11-08-2021 09:24:29', 'messaggio di prova', '31'),
('47', '16-08-2021 07:39:04', 'messaggio di prova', '31'),
('47', '13-08-2021 06:47:24', 'messaggio di prova', '4'),
('47', '16-08-2021 03:47:40', 'messaggio di prova', '31'),
('47', '12-08-2021 04:25:17', 'messaggio di prova', '4'),
('47', '11-08-2021 08:07:01', 'messaggio di prova', '4'),
('47', '10-08-2021 08:08:44', 'messaggio di prova', '31'),
('47', '18-08-2021 09:43:27', 'messaggio di prova', '31'),
('48', '21-04-2021 08:48:43', 'messaggio di prova', '8'),
('48', '18-04-2021 01:49:11', 'messaggio di prova', '8'),
('48', '19-04-2021 03:42:22', 'messaggio di prova', '8'),
('49', '28-03-2021 04:54:59', 'messaggio di prova', '33'),
('49', '04-04-2021 06:13:49', 'messaggio di prova', '20'),
('49', '08-04-2021 05:14:03', 'messaggio di prova', '33'),
('49', '03-04-2021 04:04:19', 'messaggio di prova', '33'),
('50', '03-04-2021 11:12:26', 'messaggio di prova', '6'),
('50', '03-04-2021 04:01:51', 'messaggio di prova', '6'),
('51', '07-02-2021 04:18:30', 'messaggio di prova', '22'),
('51', '08-02-2021 11:50:18', 'messaggio di prova', '22'),
('52', '28-08-2021 07:24:12', 'messaggio di prova', '8'),
('52', '02-09-2021 10:23:41', 'messaggio di prova', '8'),
('52', '27-08-2021 09:58:25', 'messaggio di prova', '8'),
('52', '27-08-2021 10:58:15', 'messaggio di prova', '8'),
('52', '25-08-2021 11:34:18', 'messaggio di prova', '8'),
('52', '24-08-2021 11:53:57', 'messaggio di prova', '8'),
('53', '06-02-2021 03:31:04', 'messaggio di prova', '10'),
('53', '05-02-2021 11:49:48', 'messaggio di prova', '10'),
('53', '09-02-2021 09:20:41', 'messaggio di prova', '10'),
('53', '14-02-2021 07:47:51', 'messaggio di prova', '10'),
('53', '14-02-2021 11:35:19', 'messaggio di prova', '10'),
('53', '07-02-2021 03:04:00', 'messaggio di prova', '10'),
('53', '11-02-2021 01:22:23', 'messaggio di prova', '10'),
('53', '05-02-2021 11:07:29', 'messaggio di prova', '10'),
('53', '09-02-2021 03:18:05', 'messaggio di prova', '10'),
('54', '07-06-2021 01:13:44', 'messaggio di prova', '14'),
('54', '02-06-2021 12:03:21', 'messaggio di prova', '26'),
('54', '04-06-2021 09:17:03', 'messaggio di prova', '14'),
('55', '18-03-2021 04:41:47', 'messaggio di prova', '19'),
('55', '13-03-2021 03:26:42', 'messaggio di prova', '19'),
('55', '23-03-2021 05:20:22', 'messaggio di prova', '19'),
('55', '22-03-2021 06:55:53', 'messaggio di prova', '19'),
('55', '13-03-2021 09:08:01', 'messaggio di prova', '19'),
('55', '13-03-2021 10:39:48', 'messaggio di prova', '19'),
('55', '15-03-2021 09:56:49', 'messaggio di prova', '19'),
('56', '24-03-2021 12:31:45', 'messaggio di prova', '21'),
('56', '16-03-2021 08:56:32', 'messaggio di prova', '21'),
('56', '14-03-2021 01:00:04', 'messaggio di prova', '25'),
('56', '16-03-2021 07:06:58', 'messaggio di prova', '25'),
('56', '25-03-2021 06:10:29', 'messaggio di prova', '25'),
('56', '20-03-2021 03:32:23', 'messaggio di prova', '25'),
('56', '17-03-2021 03:54:08', 'messaggio di prova', '21'),
('56', '20-03-2021 02:55:37', 'messaggio di prova', '25'),
('56', '22-03-2021 04:55:55', 'messaggio di prova', '21'),
('56', '22-03-2021 09:19:49', 'messaggio di prova', '21'),
('57', '12-10-2021 02:05:24', 'messaggio di prova', '18'),
('57', '04-10-2021 02:33:20', 'messaggio di prova', '18'),
('57', '16-10-2021 04:01:18', 'messaggio di prova', '18'),
('57', '08-10-2021 02:10:57', 'messaggio di prova', '18'),
('57', '16-10-2021 09:46:30', 'messaggio di prova', '18'),
('57', '11-10-2021 06:47:12', 'messaggio di prova', '18'),
('57', '05-10-2021 05:33:46', 'messaggio di prova', '18'),
('57', '09-10-2021 05:27:32', 'messaggio di prova', '18'),
('57', '07-10-2021 07:50:07', 'messaggio di prova', '18'),
('57', '17-10-2021 04:39:24', 'messaggio di prova', '18'),
('58', '01-08-2021 11:20:07', 'messaggio di prova', '24'),
('58', '12-08-2021 09:15:49', 'messaggio di prova', '24'),
('58', '06-08-2021 11:36:04', 'messaggio di prova', '9'),
('58', '05-08-2021 03:57:21', 'messaggio di prova', '9'),
('58', '01-08-2021 03:44:33', 'messaggio di prova', '24'),
('58', '07-08-2021 09:48:21', 'messaggio di prova', '9'),
('58', '09-08-2021 04:31:31', 'messaggio di prova', '9'),
('58', '04-08-2021 10:38:08', 'messaggio di prova', '24'),
('58', '12-08-2021 01:18:56', 'messaggio di prova', '9'),
('59', '25-03-2021 05:35:59', 'messaggio di prova', '21'),
('59', '21-03-2021 05:21:29', 'messaggio di prova', '21'),
('59', '24-03-2021 07:56:46', 'messaggio di prova', '21'),
('59', '30-03-2021 04:32:45', 'messaggio di prova', '21'),
('60', '18-08-2021 08:09:23', 'messaggio di prova', '10'),
('60', '19-08-2021 07:58:02', 'messaggio di prova', '33'),
('61', '21-01-2021 09:50:19', 'messaggio di prova', '32'),
('62', '19-04-2021 10:32:58', 'messaggio di prova', '18'),
('63', '02-08-2021 09:18:17', 'messaggio di prova', '20'),
('63', '07-08-2021 07:55:52', 'messaggio di prova', '20'),
('63', '26-07-2021 02:19:18', 'messaggio di prova', '20'),
('63', '29-07-2021 04:40:51', 'messaggio di prova', '20'),
('63', '25-07-2021 12:26:46', 'messaggio di prova', '20'),
('63', '07-08-2021 03:45:31', 'messaggio di prova', '20'),
('64', '26-06-2021 03:58:50', 'messaggio di prova', '14'),
('64', '30-06-2021 12:10:40', 'messaggio di prova', '14'),
('64', '26-06-2021 10:14:28', 'messaggio di prova', '14'),
('64', '27-06-2021 11:00:23', 'messaggio di prova', '14'),
('64', '25-06-2021 01:03:15', 'messaggio di prova', '14'),
('64', '30-06-2021 09:21:58', 'messaggio di prova', '14'),
('64', '24-06-2021 08:03:50', 'messaggio di prova', '14'),
('64', '03-07-2021 10:20:09', 'messaggio di prova', '14'),
('64', '01-07-2021 07:02:42', 'messaggio di prova', '14'),
('65', '10-02-2021 11:53:09', 'messaggio di prova', '32'),
('65', '15-02-2021 08:19:41', 'messaggio di prova', '32'),
('65', '12-02-2021 11:26:41', 'messaggio di prova', '20'),
('65', '19-02-2021 02:23:58', 'messaggio di prova', '32'),
('65', '13-02-2021 10:03:57', 'messaggio di prova', '20'),
('65', '11-02-2021 07:40:01', 'messaggio di prova', '32'),
('65', '10-02-2021 10:20:04', 'messaggio di prova', '32'),
('65', '10-02-2021 08:45:36', 'messaggio di prova', '20'),
('65', '08-02-2021 06:46:18', 'messaggio di prova', '20'),
('66', '28-05-2021 08:08:08', 'messaggio di prova', '32'),
('66', '26-05-2021 02:07:17', 'messaggio di prova', '32'),
('66', '28-05-2021 11:48:14', 'messaggio di prova', '15'),
('66', '01-06-2021 03:08:50', 'messaggio di prova', '15'),
('66', '23-05-2021 11:45:34', 'messaggio di prova', '32'),
('66', '21-05-2021 02:51:20', 'messaggio di prova', '15'),
('67', '04-03-2021 06:35:55', 'messaggio di prova', '29'),
('67', '28-02-2021 01:11:56', 'messaggio di prova', '19'),
('67', '06-03-2021 04:43:00', 'messaggio di prova', '29'),
('67', '13-03-2021 08:03:16', 'messaggio di prova', '29'),
('67', '06-03-2021 08:56:39', 'messaggio di prova', '19'),
('67', '07-03-2021 03:46:12', 'messaggio di prova', '29'),
('67', '09-03-2021 10:42:35', 'messaggio di prova', '29'),
('67', '04-03-2021 08:08:00', 'messaggio di prova', '29'),
('67', '09-03-2021 06:58:44', 'messaggio di prova', '19'),
('68', '26-03-2021 03:55:08', 'messaggio di prova', '31'),
('68', '02-04-2021 07:02:44', 'messaggio di prova', '5'),
('68', '02-04-2021 11:43:59', 'messaggio di prova', '31'),
('68', '29-03-2021 06:00:28', 'messaggio di prova', '5'),
('68', '31-03-2021 11:09:11', 'messaggio di prova', '5'),
('69', '08-06-2021 12:39:13', 'messaggio di prova', '14'),
('69', '05-06-2021 01:38:46', 'messaggio di prova', '14'),
('69', '07-06-2021 02:47:32', 'messaggio di prova', '32'),
('69', '07-06-2021 02:55:06', 'messaggio di prova', '14'),
('69', '06-06-2021 09:16:48', 'messaggio di prova', '14'),
('70', '03-06-2021 10:07:47', 'messaggio di prova', '14'),
('70', '02-06-2021 04:52:12', 'messaggio di prova', '14'),
('70', '03-06-2021 10:55:06', 'messaggio di prova', '14'),
('70', '08-06-2021 05:44:52', 'messaggio di prova', '14'),
('70', '09-06-2021 04:14:16', 'messaggio di prova', '14'),
('71', '15-10-2021 05:20:59', 'messaggio di prova', '27'),
('71', '15-10-2021 10:28:21', 'messaggio di prova', '27'),
('71', '15-10-2021 08:10:07', 'messaggio di prova', '20'),
('72', '09-03-2021 08:28:09', 'messaggio di prova', '17'),
('72', '07-03-2021 08:32:54', 'messaggio di prova', '31'),
('72', '06-03-2021 08:12:48', 'messaggio di prova', '31'),
('72', '09-03-2021 04:49:28', 'messaggio di prova', '31'),
('72', '08-03-2021 08:44:49', 'messaggio di prova', '31'),
('72', '09-03-2021 04:00:12', 'messaggio di prova', '17'),
('72', '08-03-2021 04:13:46', 'messaggio di prova', '17'),
('72', '09-03-2021 08:52:58', 'messaggio di prova', '31'),
('73', '27-02-2021 04:29:15', 'messaggio di prova', '25'),
('73', '03-03-2021 07:10:54', 'messaggio di prova', '22'),
('73', '23-02-2021 09:51:49', 'messaggio di prova', '22'),
('73', '25-02-2021 05:18:20', 'messaggio di prova', '22'),
('73', '27-02-2021 03:09:01', 'messaggio di prova', '22'),
('73', '05-03-2021 02:25:33', 'messaggio di prova', '22'),
('73', '25-02-2021 01:57:50', 'messaggio di prova', '22'),
('74', '03-06-2021 07:13:03', 'messaggio di prova', '29'),
('74', '30-05-2021 05:26:50', 'messaggio di prova', '9'),
('74', '04-06-2021 07:13:26', 'messaggio di prova', '9'),
('74', '03-06-2021 12:00:46', 'messaggio di prova', '9'),
('74', '06-06-2021 09:51:02', 'messaggio di prova', '29'),
('74', '03-06-2021 08:30:37', 'messaggio di prova', '29'),
('74', '05-06-2021 01:49:49', 'messaggio di prova', '9'),
('75', '06-01-2022 08:57:21', 'messaggio di prova', '21'),
('75', '06-01-2022 08:06:51', 'messaggio di prova', '21'),
('75', '06-01-2022 12:25:46', 'messaggio di prova', '21'),
('75', '03-01-2022 12:59:08', 'messaggio di prova', '21'),
('75', '27-12-2021 05:49:49', 'messaggio di prova', '21'),
('75', '25-12-2021 06:12:38', 'messaggio di prova', '21'),
('75', '07-01-2022 09:51:55', 'messaggio di prova', '21'),
('77', '27-05-2021 08:03:08', 'messaggio di prova', '22'),
('77', '23-05-2021 06:52:07', 'messaggio di prova', '22'),
('77', '27-05-2021 03:47:58', 'messaggio di prova', '22'),
('77', '30-05-2021 11:29:02', 'messaggio di prova', '28'),
('77', '28-05-2021 07:14:24', 'messaggio di prova', '28'),
('77', '25-05-2021 05:58:16', 'messaggio di prova', '22'),
('78', '24-01-2021 05:16:03', 'messaggio di prova', '4'),
('79', '24-03-2021 04:58:15', 'messaggio di prova', '15'),
('80', '13-06-2021 05:21:38', 'messaggio di prova', '22'),
('80', '19-06-2021 06:34:18', 'messaggio di prova', '22'),
('80', '15-06-2021 02:38:13', 'messaggio di prova', '24'),
('80', '09-06-2021 02:24:35', 'messaggio di prova', '22'),
('80', '08-06-2021 07:07:10', 'messaggio di prova', '22'),
('80', '06-06-2021 11:12:08', 'messaggio di prova', '22'),
('81', '07-04-2021 03:01:19', 'messaggio di prova', '9'),
('81', '09-04-2021 05:53:12', 'messaggio di prova', '24'),
('81', '06-04-2021 01:56:05', 'messaggio di prova', '24'),
('82', '26-02-2021 09:53:48', 'messaggio di prova', '22'),
('83', '09-07-2021 02:53:18', 'messaggio di prova', '9'),
('83', '29-06-2021 04:34:52', 'messaggio di prova', '26'),
('83', '02-07-2021 02:24:38', 'messaggio di prova', '9'),
('83', '03-07-2021 01:27:18', 'messaggio di prova', '9'),
('83', '04-07-2021 10:53:51', 'messaggio di prova', '9'),
('83', '27-06-2021 10:34:13', 'messaggio di prova', '9'),
('83', '09-07-2021 07:16:06', 'messaggio di prova', '26'),
('83', '05-07-2021 10:00:58', 'messaggio di prova', '26'),
('84', '18-06-2021 11:37:06', 'messaggio di prova', '18'),
('84', '25-06-2021 11:34:57', 'messaggio di prova', '18'),
('84', '19-06-2021 08:03:18', 'messaggio di prova', '32'),
('84', '17-06-2021 03:11:55', 'messaggio di prova', '32'),
('84', '24-06-2021 06:32:24', 'messaggio di prova', '32'),
('84', '22-06-2021 12:01:13', 'messaggio di prova', '32'),
('85', '23-02-2021 05:55:40', 'messaggio di prova', '13'),
('85', '15-02-2021 06:43:19', 'messaggio di prova', '13'),
('85', '18-02-2021 09:40:09', 'messaggio di prova', '13'),
('85', '16-02-2021 08:48:41', 'messaggio di prova', '13'),
('85', '13-02-2021 09:29:00', 'messaggio di prova', '13'),
('86', '06-11-2021 10:51:50', 'messaggio di prova', '26'),
('86', '10-11-2021 05:36:28', 'messaggio di prova', '26'),
('86', '08-11-2021 12:20:23', 'messaggio di prova', '6'),
('88', '11-04-2021 11:20:25', 'messaggio di prova', '20'),
('89', '26-03-2021 05:20:20', 'messaggio di prova', '13'),
('89', '30-03-2021 07:22:18', 'messaggio di prova', '13'),
('89', '02-04-2021 01:13:30', 'messaggio di prova', '13'),
('89', '01-04-2021 10:06:39', 'messaggio di prova', '13'),
('89', '28-03-2021 06:11:53', 'messaggio di prova', '13'),
('90', '24-03-2021 11:56:16', 'messaggio di prova', '28'),
('91', '15-10-2021 02:01:56', 'messaggio di prova', '17'),
('91', '17-10-2021 02:59:49', 'messaggio di prova', '17'),
('93', '06-08-2021 01:13:20', 'messaggio di prova', '20'),
('93', '06-08-2021 07:12:45', 'messaggio di prova', '20'),
('93', '15-08-2021 01:33:21', 'messaggio di prova', '20'),
('93', '15-08-2021 01:37:27', 'messaggio di prova', '20'),
('93', '02-08-2021 03:23:57', 'messaggio di prova', '20'),
('93', '12-08-2021 03:19:05', 'messaggio di prova', '20'),
('93', '12-08-2021 08:04:58', 'messaggio di prova', '20'),
('94', '25-05-2021 12:12:22', 'messaggio di prova', '19'),
('94', '22-05-2021 05:22:56', 'messaggio di prova', '19'),
('94', '23-05-2021 08:31:00', 'messaggio di prova', '27'),
('94', '20-05-2021 10:29:08', 'messaggio di prova', '27'),
('95', '04-12-2021 04:43:04', 'messaggio di prova', '9'),
('95', '04-12-2021 03:21:40', 'messaggio di prova', '9'),
('95', '26-11-2021 05:21:01', 'messaggio di prova', '9'),
('95', '28-11-2021 06:59:04', 'messaggio di prova', '9'),
('95', '24-11-2021 12:29:31', 'messaggio di prova', '9'),
('95', '27-11-2021 10:37:29', 'messaggio di prova', '9'),
('95', '01-12-2021 07:03:48', 'messaggio di prova', '9'),
('95', '23-11-2021 03:40:59', 'messaggio di prova', '9'),
('96', '17-10-2021 12:26:26', 'messaggio di prova', '24'),
('97', '16-04-2021 10:45:09', 'messaggio di prova', '27'),
('97', '17-04-2021 12:31:25', 'messaggio di prova', '27'),
('97', '17-04-2021 01:15:11', 'messaggio di prova', '23'),
('97', '13-04-2021 08:44:34', 'messaggio di prova', '23'),
('97', '14-04-2021 10:25:25', 'messaggio di prova', '27'),
('97', '14-04-2021 04:49:45', 'messaggio di prova', '23'),
('97', '13-04-2021 02:39:43', 'messaggio di prova', '23'),
('97', '18-04-2021 12:23:24', 'messaggio di prova', '23'),
('97', '14-04-2021 06:13:45', 'messaggio di prova', '23'),
('98', '21-05-2021 06:47:36', 'messaggio di prova', '4'),
('98', '23-05-2021 12:21:20', 'messaggio di prova', '32'),
('98', '21-05-2021 11:48:43', 'messaggio di prova', '32'),
('98', '20-05-2021 07:08:32', 'messaggio di prova', '4'),
('98', '22-05-2021 12:17:28', 'messaggio di prova', '32'),
('98', '23-05-2021 01:17:59', 'messaggio di prova', '4'),
('99', '19-06-2021 04:23:59', 'messaggio di prova', '23'),
('99', '20-06-2021 08:37:34', 'messaggio di prova', '23'),
('99', '28-06-2021 06:07:05', 'messaggio di prova', '23'),
('99', '30-06-2021 09:29:17', 'messaggio di prova', '23'),
('100', '21-07-2021 08:45:54', 'messaggio di prova', '22'),
('101', '27-04-2021 06:58:53', 'messaggio di prova', '23'),
('101', '28-04-2021 01:05:57', 'messaggio di prova', '23'),
('101', '03-05-2021 05:57:08', 'messaggio di prova', '23'),
('101', '01-05-2021 10:13:40', 'messaggio di prova', '23'),
('101', '03-05-2021 12:24:38', 'messaggio di prova', '23'),
('102', '02-02-2021 04:23:53', 'messaggio di prova', '9'),
('102', '30-01-2021 09:25:05', 'messaggio di prova', '9'),
('102', '29-01-2021 08:40:43', 'messaggio di prova', '9'),
('102', '22-01-2021 01:46:20', 'messaggio di prova', '9'),
('102', '24-01-2021 12:38:34', 'messaggio di prova', '9'),
('102', '26-01-2021 07:24:44', 'messaggio di prova', '9'),
('102', '26-01-2021 04:51:52', 'messaggio di prova', '9'),
('102', '20-01-2021 10:16:24', 'messaggio di prova', '9'),
('102', '23-01-2021 09:39:49', 'messaggio di prova', '9'),
('103', '03-07-2021 05:36:16', 'messaggio di prova', '13'),
('103', '02-07-2021 11:50:56', 'messaggio di prova', '30'),
('103', '01-07-2021 04:36:42', 'messaggio di prova', '13'),
('103', '03-07-2021 11:36:52', 'messaggio di prova', '13'),
('103', '02-07-2021 05:45:33', 'messaggio di prova', '30'),
('103', '04-07-2021 03:27:58', 'messaggio di prova', '30'),
('103', '03-07-2021 07:54:32', 'messaggio di prova', '13'),
('103', '29-06-2021 01:47:24', 'messaggio di prova', '13'),
('103', '04-07-2021 07:19:30', 'messaggio di prova', '30'),
('103', '02-07-2021 01:29:36', 'messaggio di prova', '13'),
('104', '28-04-2021 09:59:31', 'messaggio di prova', '5'),
('104', '24-04-2021 09:00:11', 'messaggio di prova', '5'),
('104', '25-04-2021 11:16:33', 'messaggio di prova', '5'),
('104', '25-04-2021 07:09:20', 'messaggio di prova', '5'),
('104', '28-04-2021 03:55:13', 'messaggio di prova', '5'),
('105', '04-10-2021 12:53:39', 'messaggio di prova', '9'),
('105', '29-09-2021 12:04:10', 'messaggio di prova', '9'),
('105', '04-10-2021 06:50:31', 'messaggio di prova', '9'),
('105', '29-09-2021 12:08:27', 'messaggio di prova', '9'),
('105', '05-10-2021 07:48:56', 'messaggio di prova', '9'),
('105', '08-10-2021 06:17:50', 'messaggio di prova', '9'),
('105', '29-09-2021 08:54:40', 'messaggio di prova', '9'),
('105', '02-10-2021 04:08:57', 'messaggio di prova', '9'),
('106', '11-09-2021 08:23:06', 'messaggio di prova', '24'),
('106', '07-09-2021 02:59:24', 'messaggio di prova', '16'),
('106', '31-08-2021 07:44:17', 'messaggio di prova', '16'),
('106', '29-08-2021 06:09:32', 'messaggio di prova', '16'),
('106', '06-09-2021 01:04:47', 'messaggio di prova', '16'),
('106', '04-09-2021 06:35:44', 'messaggio di prova', '16'),
('106', '09-09-2021 11:21:36', 'messaggio di prova', '16'),
('106', '01-09-2021 11:59:18', 'messaggio di prova', '24'),
('106', '30-08-2021 02:19:28', 'messaggio di prova', '16'),
('106', '02-09-2021 10:18:38', 'messaggio di prova', '16'),
('107', '19-07-2021 11:15:35', 'messaggio di prova', '7'),
('107', '21-07-2021 10:36:55', 'messaggio di prova', '7'),
('107', '25-07-2021 03:04:16', 'messaggio di prova', '7'),
('107', '14-07-2021 10:20:08', 'messaggio di prova', '7'),
('107', '23-07-2021 09:40:14', 'messaggio di prova', '24'),
('107', '24-07-2021 01:27:02', 'messaggio di prova', '7'),
('108', '28-03-2021 06:44:31', 'messaggio di prova', '19'),
('108', '01-04-2021 12:10:39', 'messaggio di prova', '24'),
('108', '08-04-2021 08:39:13', 'messaggio di prova', '19'),
('108', '09-04-2021 01:43:13', 'messaggio di prova', '19'),
('108', '09-04-2021 11:57:30', 'messaggio di prova', '24'),
('108', '02-04-2021 09:57:12', 'messaggio di prova', '24'),
('108', '09-04-2021 10:01:31', 'messaggio di prova', '24'),
('108', '09-04-2021 09:15:49', 'messaggio di prova', '24'),
('108', '01-04-2021 08:00:54', 'messaggio di prova', '24'),
('108', '07-04-2021 08:34:26', 'messaggio di prova', '19'),
('109', '06-04-2021 03:48:51', 'messaggio di prova', '4'),
('109', '03-04-2021 05:19:53', 'messaggio di prova', '4'),
('109', '07-04-2021 09:05:22', 'messaggio di prova', '4'),
('110', '01-07-2021 08:36:27', 'messaggio di prova', '13'),
('110', '26-06-2021 02:00:02', 'messaggio di prova', '13'),
('110', '22-06-2021 08:20:44', 'messaggio di prova', '13'),
('110', '27-06-2021 07:25:46', 'messaggio di prova', '13'),
('110', '24-06-2021 10:01:01', 'messaggio di prova', '13'),
('110', '23-06-2021 12:49:44', 'messaggio di prova', '13'),
('111', '07-03-2021 12:50:58', 'messaggio di prova', '14'),
('111', '26-02-2021 11:32:03', 'messaggio di prova', '14'),
('111', '28-02-2021 07:43:50', 'messaggio di prova', '27'),
('111', '10-03-2021 01:50:50', 'messaggio di prova', '14'),
('111', '06-03-2021 01:02:34', 'messaggio di prova', '27'),
('111', '01-03-2021 08:07:30', 'messaggio di prova', '14'),
('111', '01-03-2021 02:53:10', 'messaggio di prova', '27'),
('111', '04-03-2021 10:34:58', 'messaggio di prova', '27'),
('112', '09-01-2021 04:13:06', 'messaggio di prova', '8'),
('112', '08-01-2021 08:51:04', 'messaggio di prova', '25'),
('112', '13-01-2021 05:19:52', 'messaggio di prova', '8'),
('112', '09-01-2021 07:31:05', 'messaggio di prova', '25'),
('112', '14-01-2021 10:23:47', 'messaggio di prova', '25'),
('112', '12-01-2021 02:10:32', 'messaggio di prova', '25'),
('114', '20-05-2021 07:34:55', 'messaggio di prova', '19'),
('114', '21-05-2021 04:29:07', 'messaggio di prova', '26'),
('114', '20-05-2021 10:20:19', 'messaggio di prova', '26'),
('115', '18-08-2021 07:33:01', 'messaggio di prova', '29'),
('115', '10-08-2021 05:28:05', 'messaggio di prova', '29'),
('115', '17-08-2021 10:10:54', 'messaggio di prova', '29'),
('115', '10-08-2021 08:38:17', 'messaggio di prova', '29'),
('115', '06-08-2021 08:27:00', 'messaggio di prova', '29'),
('115', '17-08-2021 05:20:44', 'messaggio di prova', '17'),
('115', '17-08-2021 05:31:10', 'messaggio di prova', '17'),
('115', '16-08-2021 01:35:25', 'messaggio di prova', '29'),
('116', '28-11-2021 06:12:56', 'messaggio di prova', '27'),
('116', '02-12-2021 11:27:57', 'messaggio di prova', '5'),
('116', '11-12-2021 07:07:10', 'messaggio di prova', '5'),
('116', '11-12-2021 08:10:40', 'messaggio di prova', '27'),
('116', '01-12-2021 11:35:57', 'messaggio di prova', '5'),
('116', '02-12-2021 02:32:28', 'messaggio di prova', '5'),
('116', '03-12-2021 07:50:16', 'messaggio di prova', '27'),
('116', '08-12-2021 10:46:33', 'messaggio di prova', '27'),
('116', '10-12-2021 10:26:44', 'messaggio di prova', '5'),
('116', '07-12-2021 10:57:21', 'messaggio di prova', '27'),
('117', '24-03-2021 03:04:36', 'messaggio di prova', '33'),
('117', '27-03-2021 05:02:53', 'messaggio di prova', '33'),
('117', '20-03-2021 07:46:15', 'messaggio di prova', '6'),
('117', '28-03-2021 12:43:53', 'messaggio di prova', '6'),
('120', '01-02-2021 07:43:01', 'messaggio di prova', '22'),
('120', '03-02-2021 06:58:47', 'messaggio di prova', '22'),
('121', '27-11-2021 12:55:03', 'messaggio di prova', '13'),
('121', '23-11-2021 10:50:17', 'messaggio di prova', '13'),
('121', '28-11-2021 07:40:13', 'messaggio di prova', '13'),
('122', '17-08-2021 04:26:09', 'messaggio di prova', '8'),
('122', '15-08-2021 09:13:49', 'messaggio di prova', '8'),
('122', '06-08-2021 08:00:34', 'messaggio di prova', '8'),
('122', '06-08-2021 07:03:54', 'messaggio di prova', '8'),
('122', '16-08-2021 07:23:49', 'messaggio di prova', '8'),
('122', '12-08-2021 12:31:46', 'messaggio di prova', '8'),
('122', '10-08-2021 06:04:40', 'messaggio di prova', '8'),
('123', '29-03-2021 04:43:38', 'messaggio di prova', '11'),
('123', '05-04-2021 04:54:56', 'messaggio di prova', '11'),
('124', '23-12-2021 06:10:36', 'messaggio di prova', '8'),
('125', '18-05-2021 04:58:00', 'messaggio di prova', '32'),
('125', '20-05-2021 08:15:35', 'messaggio di prova', '32'),
('125', '22-05-2021 09:43:53', 'messaggio di prova', '32'),
('125', '22-05-2021 07:25:29', 'messaggio di prova', '14'),
('125', '16-05-2021 12:46:00', 'messaggio di prova', '32'),
('125', '16-05-2021 02:18:40', 'messaggio di prova', '32'),
('125', '11-05-2021 03:46:55', 'messaggio di prova', '14'),
('125', '15-05-2021 09:21:35', 'messaggio di prova', '32'),
('125', '16-05-2021 01:39:50', 'messaggio di prova', '14'),
('125', '22-05-2021 09:49:55', 'messaggio di prova', '14'),
('126', '21-09-2021 07:47:19', 'messaggio di prova', '23'),
('126', '22-09-2021 07:31:25', 'messaggio di prova', '32'),
('126', '21-09-2021 02:17:58', 'messaggio di prova', '32'),
('126', '22-09-2021 03:35:18', 'messaggio di prova', '32'),
('126', '20-09-2021 03:19:57', 'messaggio di prova', '23'),
('126', '22-09-2021 05:13:38', 'messaggio di prova', '23'),
('126', '20-09-2021 10:59:35', 'messaggio di prova', '23'),
('126', '22-09-2021 04:38:57', 'messaggio di prova', '23'),
('126', '20-09-2021 04:10:20', 'messaggio di prova', '32'),
('127', '13-11-2021 12:18:11', 'messaggio di prova', '24'),
('127', '10-11-2021 07:20:18', 'messaggio di prova', '24'),
('127', '13-11-2021 03:05:15', 'messaggio di prova', '6'),
('128', '17-09-2021 10:44:48', 'messaggio di prova', '29'),
('128', '23-09-2021 12:50:24', 'messaggio di prova', '23'),
('128', '19-09-2021 02:21:05', 'messaggio di prova', '23'),
('128', '26-09-2021 03:56:04', 'messaggio di prova', '23'),
('128', '27-09-2021 04:09:50', 'messaggio di prova', '23'),
('128', '17-09-2021 11:54:58', 'messaggio di prova', '29'),
('129', '31-12-2021 10:49:46', 'messaggio di prova', '4'),
('129', '03-01-2022 07:57:25', 'messaggio di prova', '27'),
('129', '24-12-2021 02:11:50', 'messaggio di prova', '27'),
('129', '27-12-2021 06:19:46', 'messaggio di prova', '27'),
('130', '17-12-2021 12:24:54', 'messaggio di prova', '28'),
('130', '23-12-2021 10:38:20', 'messaggio di prova', '7'),
('130', '24-12-2021 01:28:42', 'messaggio di prova', '7'),
('130', '19-12-2021 11:27:14', 'messaggio di prova', '7'),
('130', '29-12-2021 12:36:59', 'messaggio di prova', '28'),
('130', '23-12-2021 07:15:18', 'messaggio di prova', '28'),
('131', '25-12-2021 10:00:33', 'messaggio di prova', '16'),
('131', '22-12-2021 10:45:58', 'messaggio di prova', '16'),
('131', '28-12-2021 11:13:38', 'messaggio di prova', '16'),
('132', '24-04-2021 05:32:54', 'messaggio di prova', '15'),
('132', '30-04-2021 11:56:26', 'messaggio di prova', '15'),
('132', '02-05-2021 02:21:20', 'messaggio di prova', '15'),
('132', '23-04-2021 01:59:58', 'messaggio di prova', '15'),
('132', '20-04-2021 08:15:50', 'messaggio di prova', '15'),
('132', '18-04-2021 05:38:23', 'messaggio di prova', '15'),
('132', '27-04-2021 11:49:49', 'messaggio di prova', '15'),
('132', '23-04-2021 02:35:06', 'messaggio di prova', '15'),
('133', '03-12-2021 12:17:20', 'messaggio di prova', '27'),
('134', '25-11-2021 06:17:42', 'messaggio di prova', '31'),
('134', '27-11-2021 11:50:36', 'messaggio di prova', '15'),
('134', '18-11-2021 12:33:57', 'messaggio di prova', '15'),
('134', '28-11-2021 09:36:51', 'messaggio di prova', '15'),
('134', '28-11-2021 05:17:50', 'messaggio di prova', '15'),
('134', '23-11-2021 05:53:08', 'messaggio di prova', '15'),
('134', '29-11-2021 12:15:46', 'messaggio di prova', '15'),
('134', '29-11-2021 10:56:09', 'messaggio di prova', '31'),
('135', '07-09-2021 11:30:37', 'messaggio di prova', '22'),
('135', '03-09-2021 03:57:59', 'messaggio di prova', '22'),
('137', '15-08-2021 10:38:54', 'messaggio di prova', '14'),
('138', '21-11-2021 03:38:37', 'messaggio di prova', '26'),
('138', '20-11-2021 07:06:06', 'messaggio di prova', '22'),
('138', '24-11-2021 03:08:58', 'messaggio di prova', '26'),
('138', '22-11-2021 11:59:35', 'messaggio di prova', '22'),
('139', '26-10-2021 05:28:44', 'messaggio di prova', '26'),
('139', '28-10-2021 04:59:16', 'messaggio di prova', '6'),
('139', '22-10-2021 11:54:19', 'messaggio di prova', '6'),
('139', '23-10-2021 12:20:23', 'messaggio di prova', '26'),
('139', '21-10-2021 06:07:19', 'messaggio di prova', '6'),
('139', '26-10-2021 04:59:32', 'messaggio di prova', '26'),
('140', '30-04-2021 09:05:08', 'messaggio di prova', '7'),
('140', '27-04-2021 10:33:57', 'messaggio di prova', '28'),
('140', '28-04-2021 05:27:39', 'messaggio di prova', '28'),
('140', '25-04-2021 03:33:52', 'messaggio di prova', '7'),
('140', '28-04-2021 06:02:26', 'messaggio di prova', '7'),
('142', '13-12-2021 02:16:24', 'messaggio di prova', '32'),
('142', '13-12-2021 04:26:32', 'messaggio di prova', '32'),
('142', '13-12-2021 02:14:13', 'messaggio di prova', '32'),
('142', '14-12-2021 03:46:40', 'messaggio di prova', '8'),
('142', '16-12-2021 08:21:38', 'messaggio di prova', '32'),
('142', '15-12-2021 12:59:22', 'messaggio di prova', '8'),
('142', '14-12-2021 08:48:58', 'messaggio di prova', '8'),
('143', '07-08-2021 05:30:18', 'messaggio di prova', '28'),
('143', '13-08-2021 07:26:34', 'messaggio di prova', '28'),
('143', '03-08-2021 05:24:21', 'messaggio di prova', '9'),
('143', '16-08-2021 11:28:31', 'messaggio di prova', '9'),
('143', '14-08-2021 01:20:53', 'messaggio di prova', '28'),
('143', '05-08-2021 12:42:09', 'messaggio di prova', '9'),
('143', '09-08-2021 10:36:38', 'messaggio di prova', '9'),
('144', '17-03-2021 09:32:01', 'messaggio di prova', '12'),
('144', '05-03-2021 03:43:00', 'messaggio di prova', '12'),
('144', '08-03-2021 08:05:33', 'messaggio di prova', '12'),
('144', '12-03-2021 06:10:46', 'messaggio di prova', '12'),
('144', '17-03-2021 09:57:18', 'messaggio di prova', '12'),
('146', '02-12-2021 02:43:50', 'messaggio di prova', '19'),
('146', '04-12-2021 09:51:44', 'messaggio di prova', '19'),
('146', '30-11-2021 03:58:33', 'messaggio di prova', '19'),
('146', '10-12-2021 03:13:08', 'messaggio di prova', '19'),
('147', '19-01-2021 03:58:26', 'messaggio di prova', '18'),
('147', '21-01-2021 02:12:07', 'messaggio di prova', '18'),
('147', '16-01-2021 06:42:48', 'messaggio di prova', '18'),
('147', '20-01-2021 07:35:10', 'messaggio di prova', '18'),
('147', '22-01-2021 01:16:59', 'messaggio di prova', '18'),
('147', '16-01-2021 03:38:55', 'messaggio di prova', '18'),
('147', '23-01-2021 02:55:38', 'messaggio di prova', '18'),
('147', '15-01-2021 07:22:09', 'messaggio di prova', '18'),
('148', '14-03-2021 10:41:42', 'messaggio di prova', '19'),
('148', '13-03-2021 04:29:15', 'messaggio di prova', '19'),
('148', '09-03-2021 08:41:48', 'messaggio di prova', '19'),
('148', '09-03-2021 04:48:04', 'messaggio di prova', '19'),
('148', '02-03-2021 12:22:31', 'messaggio di prova', '19'),
('148', '13-03-2021 05:49:22', 'messaggio di prova', '19'),
('148', '02-03-2021 02:58:09', 'messaggio di prova', '19'),
('148', '09-03-2021 07:06:42', 'messaggio di prova', '19'),
('148', '07-03-2021 12:18:19', 'messaggio di prova', '19'),
('148', '03-03-2021 08:42:34', 'messaggio di prova', '19'),
('149', '21-10-2021 07:12:20', 'messaggio di prova', '32'),
('149', '22-10-2021 06:05:26', 'messaggio di prova', '5'),
('149', '18-10-2021 04:22:52', 'messaggio di prova', '5'),
('149', '22-10-2021 07:05:32', 'messaggio di prova', '5'),
('149', '25-10-2021 06:42:25', 'messaggio di prova', '5'),
('149', '26-10-2021 01:46:04', 'messaggio di prova', '32'),
('149', '19-10-2021 10:01:31', 'messaggio di prova', '32'),
('151', '08-10-2021 08:15:49', 'messaggio di prova', '21'),
('151', '01-10-2021 11:10:10', 'messaggio di prova', '21'),
('151', '05-10-2021 11:23:28', 'messaggio di prova', '21'),
('152', '25-08-2021 10:30:15', 'messaggio di prova', '22'),
('152', '28-08-2021 01:56:54', 'messaggio di prova', '22'),
('152', '25-08-2021 03:29:15', 'messaggio di prova', '22'),
('152', '25-08-2021 02:35:42', 'messaggio di prova', '22'),
('152', '28-08-2021 07:21:41', 'messaggio di prova', '22'),
('152', '30-08-2021 03:06:34', 'messaggio di prova', '22'),
('152', '23-08-2021 03:22:34', 'messaggio di prova', '22'),
('153', '24-04-2021 03:53:13', 'messaggio di prova', '24'),
('153', '25-04-2021 02:43:41', 'messaggio di prova', '23'),
('153', '20-04-2021 10:19:26', 'messaggio di prova', '23'),
('153', '25-04-2021 09:24:55', 'messaggio di prova', '23'),
('153', '15-04-2021 12:19:04', 'messaggio di prova', '23'),
('153', '16-04-2021 06:18:53', 'messaggio di prova', '24'),
('154', '22-12-2021 07:58:45', 'messaggio di prova', '9'),
('154', '31-12-2021 09:19:19', 'messaggio di prova', '9'),
('154', '26-12-2021 02:06:25', 'messaggio di prova', '9'),
('154', '30-12-2021 05:51:48', 'messaggio di prova', '9'),
('154', '30-12-2021 08:57:36', 'messaggio di prova', '9'),
('154', '29-12-2021 04:29:08', 'messaggio di prova', '9'),
('154', '31-12-2021 08:31:10', 'messaggio di prova', '9'),
('154', '24-12-2021 11:28:01', 'messaggio di prova', '9'),
('154', '03-01-2022 10:57:43', 'messaggio di prova', '9'),
('155', '11-06-2021 05:13:18', 'messaggio di prova', '22'),
('155', '21-06-2021 10:02:32', 'messaggio di prova', '22'),
('155', '21-06-2021 06:28:37', 'messaggio di prova', '22'),
('155', '20-06-2021 11:29:31', 'messaggio di prova', '22'),
('155', '16-06-2021 05:59:27', 'messaggio di prova', '22'),
('156', '26-09-2021 03:42:36', 'messaggio di prova', '28'),
('156', '28-09-2021 12:26:28', 'messaggio di prova', '9'),
('156', '28-09-2021 04:30:08', 'messaggio di prova', '28'),
('156', '28-09-2021 06:05:59', 'messaggio di prova', '28'),
('156', '01-10-2021 06:23:27', 'messaggio di prova', '28'),
('156', '26-09-2021 05:38:20', 'messaggio di prova', '9'),
('156', '30-09-2021 05:15:52', 'messaggio di prova', '9'),
('156', '28-09-2021 07:08:43', 'messaggio di prova', '28'),
('157', '23-09-2021 10:12:36', 'messaggio di prova', '28'),
('157', '24-09-2021 12:23:00', 'messaggio di prova', '28'),
('157', '26-09-2021 10:04:54', 'messaggio di prova', '28'),
('157', '22-09-2021 08:41:03', 'messaggio di prova', '28'),
('157', '22-09-2021 06:53:30', 'messaggio di prova', '22'),
('158', '18-03-2021 03:38:06', 'messaggio di prova', '13'),
('158', '22-03-2021 09:49:06', 'messaggio di prova', '13'),
('158', '20-03-2021 02:19:02', 'messaggio di prova', '13'),
('158', '23-03-2021 02:32:28', 'messaggio di prova', '13'),
('158', '20-03-2021 11:37:41', 'messaggio di prova', '13'),
('158', '18-03-2021 11:07:34', 'messaggio di prova', '13'),
('158', '22-03-2021 11:25:53', 'messaggio di prova', '13'),
('158', '16-03-2021 06:54:58', 'messaggio di prova', '13'),
('158', '29-03-2021 02:47:45', 'messaggio di prova', '13'),
('159', '17-05-2021 04:26:54', 'messaggio di prova', '21'),
('159', '24-05-2021 02:07:19', 'messaggio di prova', '21'),
('159', '13-05-2021 07:03:38', 'messaggio di prova', '21'),
('159', '17-05-2021 07:30:47', 'messaggio di prova', '21'),
('160', '29-05-2021 01:57:00', 'messaggio di prova', '19'),
('160', '27-05-2021 04:09:37', 'messaggio di prova', '19'),
('160', '01-06-2021 07:33:55', 'messaggio di prova', '27'),
('160', '01-06-2021 11:34:22', 'messaggio di prova', '27'),
('160', '03-06-2021 07:53:54', 'messaggio di prova', '19'),
('160', '04-06-2021 06:38:46', 'messaggio di prova', '27'),
('160', '08-06-2021 02:59:09', 'messaggio di prova', '27'),
('160', '07-06-2021 06:06:40', 'messaggio di prova', '19'),
('161', '07-06-2021 09:57:09', 'messaggio di prova', '28'),
('161', '12-06-2021 04:43:05', 'messaggio di prova', '4'),
('161', '19-06-2021 02:31:32', 'messaggio di prova', '28'),
('162', '28-12-2021 08:59:33', 'messaggio di prova', '10'),
('162', '22-12-2021 09:40:43', 'messaggio di prova', '10'),
('162', '24-12-2021 05:26:00', 'messaggio di prova', '10'),
('162', '30-12-2021 10:56:47', 'messaggio di prova', '10'),
('163', '13-10-2021 04:59:46', 'messaggio di prova', '6'),
('163', '16-10-2021 10:11:48', 'messaggio di prova', '25'),
('163', '11-10-2021 02:02:39', 'messaggio di prova', '25'),
('163', '13-10-2021 09:14:15', 'messaggio di prova', '6'),
('163', '11-10-2021 08:25:29', 'messaggio di prova', '25'),
('163', '16-10-2021 11:21:54', 'messaggio di prova', '6'),
('163', '12-10-2021 01:15:27', 'messaggio di prova', '6'),
('164', '27-03-2021 09:35:28', 'messaggio di prova', '14'),
('164', '24-03-2021 09:22:14', 'messaggio di prova', '14'),
('164', '25-03-2021 06:28:12', 'messaggio di prova', '33'),
('164', '26-03-2021 09:09:06', 'messaggio di prova', '33'),
('165', '03-03-2021 05:43:51', 'messaggio di prova', '31'),
('165', '02-03-2021 03:55:34', 'messaggio di prova', '31'),
('166', '16-05-2021 08:50:07', 'messaggio di prova', '4'),
('167', '12-12-2021 11:13:37', 'messaggio di prova', '11'),
('167', '15-12-2021 03:33:51', 'messaggio di prova', '11'),
('167', '06-12-2021 11:43:40', 'messaggio di prova', '11'),
('167', '05-12-2021 11:45:12', 'messaggio di prova', '11'),
('168', '10-03-2021 11:11:27', 'messaggio di prova', '5'),
('168', '10-03-2021 02:52:03', 'messaggio di prova', '31'),
('168', '03-03-2021 09:53:27', 'messaggio di prova', '31'),
('168', '15-03-2021 04:14:33', 'messaggio di prova', '5'),
('168', '07-03-2021 01:15:22', 'messaggio di prova', '5'),
('168', '04-03-2021 01:07:02', 'messaggio di prova', '31'),
('168', '10-03-2021 04:10:23', 'messaggio di prova', '5'),
('168', '12-03-2021 06:51:05', 'messaggio di prova', '31'),
('168', '03-03-2021 02:03:02', 'messaggio di prova', '31'),
('169', '09-01-2021 06:19:34', 'messaggio di prova', '20'),
('170', '23-12-2021 12:52:33', 'messaggio di prova', '29'),
('170', '23-12-2021 02:00:33', 'messaggio di prova', '13'),
('170', '24-12-2021 05:01:03', 'messaggio di prova', '29'),
('170', '22-12-2021 02:51:24', 'messaggio di prova', '29'),
('170', '22-12-2021 04:06:21', 'messaggio di prova', '29'),
('170', '23-12-2021 11:27:43', 'messaggio di prova', '13'),
('170', '22-12-2021 07:16:46', 'messaggio di prova', '13'),
('170', '23-12-2021 07:30:25', 'messaggio di prova', '13'),
('170', '23-12-2021 12:16:23', 'messaggio di prova', '29'),
('170', '23-12-2021 04:38:06', 'messaggio di prova', '13'),
('171', '24-10-2021 09:30:17', 'messaggio di prova', '33'),
('171', '25-10-2021 05:08:01', 'messaggio di prova', '33'),
('171', '23-10-2021 03:23:22', 'messaggio di prova', '33'),
('171', '19-10-2021 10:40:41', 'messaggio di prova', '33'),
('172', '06-07-2021 10:39:08', 'messaggio di prova', '20'),
('172', '01-07-2021 12:02:53', 'messaggio di prova', '20'),
('172', '24-06-2021 03:39:51', 'messaggio di prova', '20'),
('172', '07-07-2021 10:28:59', 'messaggio di prova', '20'),
('172', '07-07-2021 05:13:33', 'messaggio di prova', '20'),
('172', '30-06-2021 11:31:36', 'messaggio di prova', '20'),
('172', '24-06-2021 09:51:06', 'messaggio di prova', '20'),
('172', '24-06-2021 12:05:23', 'messaggio di prova', '20'),
('172', '25-06-2021 11:57:39', 'messaggio di prova', '20'),
('173', '17-06-2021 05:01:26', 'messaggio di prova', '28'),
('173', '17-06-2021 06:08:50', 'messaggio di prova', '4'),
('173', '09-06-2021 04:07:50', 'messaggio di prova', '4'),
('173', '13-06-2021 04:15:45', 'messaggio di prova', '4'),
('173', '14-06-2021 07:22:34', 'messaggio di prova', '28'),
('173', '10-06-2021 06:11:47', 'messaggio di prova', '28'),
('173', '15-06-2021 11:57:19', 'messaggio di prova', '28'),
('174', '05-04-2021 08:50:50', 'messaggio di prova', '6'),
('174', '06-04-2021 05:26:48', 'messaggio di prova', '26'),
('174', '07-04-2021 02:40:33', 'messaggio di prova', '26'),
('174', '31-03-2021 06:29:52', 'messaggio di prova', '26'),
('175', '10-03-2021 01:53:34', 'messaggio di prova', '31'),
('175', '19-03-2021 03:40:43', 'messaggio di prova', '19'),
('175', '22-03-2021 05:21:20', 'messaggio di prova', '31'),
('175', '12-03-2021 04:55:18', 'messaggio di prova', '31'),
('175', '21-03-2021 08:25:41', 'messaggio di prova', '31'),
('175', '19-03-2021 11:32:16', 'messaggio di prova', '19'),
('175', '10-03-2021 07:57:22', 'messaggio di prova', '31'),
('175', '16-03-2021 06:07:05', 'messaggio di prova', '31'),
('175', '16-03-2021 06:48:39', 'messaggio di prova', '19'),
('175', '15-03-2021 02:33:14', 'messaggio di prova', '19'),
('176', '26-01-2021 03:36:16', 'messaggio di prova', '27'),
('176', '03-02-2021 01:04:46', 'messaggio di prova', '5'),
('176', '31-01-2021 10:15:59', 'messaggio di prova', '27'),
('176', '04-02-2021 06:43:28', 'messaggio di prova', '5'),
('176', '31-01-2021 08:38:51', 'messaggio di prova', '27'),
('176', '02-02-2021 09:18:35', 'messaggio di prova', '27'),
('176', '04-02-2021 06:19:29', 'messaggio di prova', '5'),
('177', '13-10-2021 12:54:05', 'messaggio di prova', '10'),
('177', '09-10-2021 04:31:00', 'messaggio di prova', '10'),
('177', '12-10-2021 11:43:00', 'messaggio di prova', '10'),
('177', '14-10-2021 10:16:05', 'messaggio di prova', '10'),
('177', '15-10-2021 01:53:47', 'messaggio di prova', '10'),
('177', '11-10-2021 04:52:21', 'messaggio di prova', '10'),
('177', '11-10-2021 01:13:35', 'messaggio di prova', '28'),
('177', '15-10-2021 02:24:23', 'messaggio di prova', '10'),
('177', '09-10-2021 07:12:02', 'messaggio di prova', '10'),
('177', '08-10-2021 01:56:55', 'messaggio di prova', '10'),
('178', '07-12-2021 01:57:10', 'messaggio di prova', '17'),
('178', '14-12-2021 01:01:24', 'messaggio di prova', '17'),
('178', '10-12-2021 02:36:51', 'messaggio di prova', '28'),
('178', '07-12-2021 05:25:23', 'messaggio di prova', '17'),
('179', '08-02-2021 08:26:09', 'messaggio di prova', '20'),
('179', '13-02-2021 07:35:31', 'messaggio di prova', '20'),
('179', '15-02-2021 10:33:03', 'messaggio di prova', '20'),
('179', '07-02-2021 12:37:06', 'messaggio di prova', '20'),
('179', '15-02-2021 08:14:46', 'messaggio di prova', '26'),
('180', '09-05-2021 06:00:52', 'messaggio di prova', '30'),
('180', '13-05-2021 07:08:43', 'messaggio di prova', '30'),
('180', '08-05-2021 09:40:16', 'messaggio di prova', '22'),
('180', '12-05-2021 10:22:41', 'messaggio di prova', '30'),
('180', '05-05-2021 02:07:01', 'messaggio di prova', '22'),
('180', '12-05-2021 05:58:02', 'messaggio di prova', '22'),
('180', '03-05-2021 02:53:01', 'messaggio di prova', '22'),
('181', '17-04-2021 07:47:34', 'messaggio di prova', '26'),
('181', '16-04-2021 08:51:32', 'messaggio di prova', '26'),
('182', '20-08-2021 12:00:52', 'messaggio di prova', '9'),
('182', '20-08-2021 12:38:12', 'messaggio di prova', '9'),
('182', '07-08-2021 08:20:03', 'messaggio di prova', '9'),
('182', '06-08-2021 04:45:21', 'messaggio di prova', '9'),
('182', '13-08-2021 11:58:10', 'messaggio di prova', '9'),
('182', '09-08-2021 05:57:13', 'messaggio di prova', '9'),
('182', '13-08-2021 04:48:37', 'messaggio di prova', '9'),
('182', '15-08-2021 09:41:22', 'messaggio di prova', '9'),
('182', '15-08-2021 08:18:57', 'messaggio di prova', '9'),
('183', '08-01-2021 11:31:59', 'messaggio di prova', '7'),
('183', '08-01-2021 09:53:24', 'messaggio di prova', '7'),
('183', '07-01-2021 09:17:12', 'messaggio di prova', '33'),
('183', '09-01-2021 12:41:07', 'messaggio di prova', '33'),
('183', '08-01-2021 06:28:27', 'messaggio di prova', '7'),
('183', '08-01-2021 05:38:04', 'messaggio di prova', '33'),
('184', '30-12-2021 11:29:01', 'messaggio di prova', '10'),
('184', '03-01-2022 11:37:45', 'messaggio di prova', '10'),
('184', '10-01-2022 03:29:25', 'messaggio di prova', '10'),
('184', '03-01-2022 07:21:52', 'messaggio di prova', '10'),
('184', '01-01-2022 11:51:03', 'messaggio di prova', '10'),
('184', '11-01-2022 07:21:17', 'messaggio di prova', '10'),
('184', '31-12-2021 03:35:14', 'messaggio di prova', '10'),
('185', '02-02-2021 12:47:53', 'messaggio di prova', '5'),
('185', '02-02-2021 04:20:14', 'messaggio di prova', '5'),
('185', '06-02-2021 01:04:25', 'messaggio di prova', '5'),
('185', '10-02-2021 12:31:48', 'messaggio di prova', '5'),
('186', '27-03-2021 07:52:30', 'messaggio di prova', '17'),
('186', '04-04-2021 01:26:52', 'messaggio di prova', '17'),
('186', '26-03-2021 05:32:07', 'messaggio di prova', '17'),
('186', '05-04-2021 02:05:51', 'messaggio di prova', '17'),
('186', '25-03-2021 06:50:44', 'messaggio di prova', '17'),
('187', '02-02-2021 07:27:20', 'messaggio di prova', '5'),
('187', '09-02-2021 05:38:15', 'messaggio di prova', '5'),
('187', '10-02-2021 08:31:12', 'messaggio di prova', '29'),
('187', '08-02-2021 01:13:57', 'messaggio di prova', '29'),
('188', '27-11-2021 03:06:38', 'messaggio di prova', '26'),
('188', '10-12-2021 03:00:49', 'messaggio di prova', '26'),
('188', '08-12-2021 07:20:40', 'messaggio di prova', '26'),
('188', '07-12-2021 09:05:48', 'messaggio di prova', '26'),
('188', '07-12-2021 10:11:57', 'messaggio di prova', '26'),
('188', '27-11-2021 04:20:46', 'messaggio di prova', '26'),
('188', '06-12-2021 09:57:22', 'messaggio di prova', '26'),
('189', '21-05-2021 10:46:08', 'messaggio di prova', '10'),
('189', '24-05-2021 11:23:07', 'messaggio di prova', '10'),
('189', '15-05-2021 01:42:16', 'messaggio di prova', '10'),
('189', '24-05-2021 04:47:53', 'messaggio di prova', '10'),
('189', '20-05-2021 03:38:10', 'messaggio di prova', '10'),
('189', '18-05-2021 07:05:30', 'messaggio di prova', '10'),
('189', '16-05-2021 12:01:57', 'messaggio di prova', '10'),
('190', '10-04-2021 07:09:42', 'messaggio di prova', '26'),
('190', '17-04-2021 12:59:42', 'messaggio di prova', '26'),
('190', '05-04-2021 09:53:11', 'messaggio di prova', '26'),
('191', '13-01-2021 06:58:12', 'messaggio di prova', '6'),
('191', '12-01-2021 02:00:40', 'messaggio di prova', '32'),
('191', '14-01-2021 10:28:11', 'messaggio di prova', '6'),
('192', '04-01-2022 01:16:05', 'messaggio di prova', '25'),
('192', '28-12-2021 08:11:14', 'messaggio di prova', '17'),
('192', '07-01-2022 02:08:48', 'messaggio di prova', '25'),
('192', '30-12-2021 07:17:15', 'messaggio di prova', '17'),
('192', '04-01-2022 11:20:53', 'messaggio di prova', '17'),
('192', '27-12-2021 11:41:43', 'messaggio di prova', '17'),
('193', '02-04-2021 04:46:43', 'messaggio di prova', '19'),
('193', '05-04-2021 11:50:25', 'messaggio di prova', '19'),
('193', '06-04-2021 12:11:31', 'messaggio di prova', '31'),
('193', '08-04-2021 04:56:49', 'messaggio di prova', '31'),
('193', '09-04-2021 02:35:37', 'messaggio di prova', '19'),
('193', '15-04-2021 06:36:22', 'messaggio di prova', '31'),
('193', '05-04-2021 01:49:06', 'messaggio di prova', '19'),
('195', '30-09-2021 06:50:37', 'messaggio di prova', '18'),
('195', '30-09-2021 07:45:04', 'messaggio di prova', '18'),
('195', '26-09-2021 08:48:54', 'messaggio di prova', '18'),
('195', '03-10-2021 01:53:45', 'messaggio di prova', '18'),
('195', '25-09-2021 11:26:53', 'messaggio di prova', '18'),
('195', '05-10-2021 09:47:15', 'messaggio di prova', '18'),
('195', '02-10-2021 04:02:12', 'messaggio di prova', '18'),
('195', '29-09-2021 10:15:40', 'messaggio di prova', '18'),
('196', '28-11-2021 07:42:52', 'messaggio di prova', '17'),
('196', '30-11-2021 03:35:10', 'messaggio di prova', '25'),
('196', '02-12-2021 06:21:30', 'messaggio di prova', '25'),
('196', '10-12-2021 04:10:10', 'messaggio di prova', '25'),
('196', '11-12-2021 11:20:55', 'messaggio di prova', '17'),
('196', '28-11-2021 03:54:55', 'messaggio di prova', '25'),
('196', '12-12-2021 09:32:17', 'messaggio di prova', '17'),
('196', '06-12-2021 10:34:25', 'messaggio di prova', '17'),
('196', '02-12-2021 06:03:19', 'messaggio di prova', '25'),
('197', '14-12-2021 06:21:45', 'messaggio di prova', '16'),
('197', '13-12-2021 05:43:52', 'messaggio di prova', '16'),
('197', '20-12-2021 10:27:43', 'messaggio di prova', '16'),
('197', '17-12-2021 03:08:38', 'messaggio di prova', '16'),
('199', '16-04-2021 11:06:26', 'messaggio di prova', '28'),
('199', '23-04-2021 08:14:55', 'messaggio di prova', '28'),
('199', '18-04-2021 07:30:02', 'messaggio di prova', '23'),
('199', '17-04-2021 03:07:07', 'messaggio di prova', '28'),
('199', '23-04-2021 03:21:56', 'messaggio di prova', '28'),
('199', '16-04-2021 12:42:30', 'messaggio di prova', '28'),
('200', '25-09-2021 07:19:40', 'messaggio di prova', '5'),
('200', '19-09-2021 05:48:22', 'messaggio di prova', '5');
